seri,tr_aciklama,ingilizce_adi
"TR,DF_ISGUCU_CEYREK_FIIL_CALISMA_SURE_C,1.0",İstihdam edilenlerin fiili çalışma süreleri cinsiyet kırılımında çeyreklik olarak sunulmaktadır.,Actual Working Hours Of Employed
"TR,DF_ISGUCU_AYLIK_FIIL_CALISMA_SURE_C,1.0",Türkiye’de cinsiyet düzeyinde 15+ yaş istihdam edilenlerin aylık fiili çalışma sürelerini sunmaktadır.,Actual Working Hours of Employed
"TR,DF_ISGUCU_AYLIK_FIIL_CALISMA_SURE_O,1.0",Türkiye’de cinsiyet düzeyinde 15+ yaş istihdam edilenlerin aylık fiili çalışma sürelerini sunmaktadır.,Actual Working Hours of Employed-Revision History
"TR,DF_ISGUCU_CEYREK_FIIL_CALISMA_SURE_O,1.0",İstihdam edilenlerin fiili çalışma süreleri cinsiyet kırılımında çeyreklik olarak sunulmaktadır.,Actual Working Hours of Employed-Revision History
"TR,DF_DOGUM_IL_YASA_OZEL_DOGHIZ_C,1.0",Yıllara itibarıyla illere göre yaşa özel doğurganlık hızlarıdır.,Age Specific Fertility Rate by Provinces
"TR,DF_DOGUM_YASA_OZEL_DOGHIZ_C,1.0",Yıllara göre yaşa özel doğurganlık hızlarıdır.,Age Specific Fertility Rates
"TR,DF_ADNKS_T19,1.1","Tablo, 2007 yılından itibaren Türkiye toplamı için yıllık toplam, çocuk ve yaşlı bağımlılık oranlarını içermektedir. Toplam yaş bağımlılık oranı: “15-64” yaş grubundaki her 100 kişi için ""0-14"" ve ""65 ve daha yukarı"" yaş gruplarındaki kişi sayısıdır. Çocuk bağımlılık oranı: “15-64” yaş grubundaki her 100 kişi için ""0-14"" yaş grubundaki kişi sayısıdır. Yaşlı bağımlılık oranı: “15-64” yaş grubundaki her 100 kişi için ""65 ve daha yukarı"" yaş grubundaki kişi sayısıdır.",Age dependency ratio
"TR,DF_ADNKS_T24,1.1","Tablo, 2007 yılından itibaren il düzeyinde yıllık toplam/çocuk/yaşlı bağımlılık oranlarını içermektedir. Toplam yaş bağımlılık oranı: “15-64” yaş grubundaki her 100 kişi için ""0-14"" ve ""65 ve daha yukarı"" yaş gruplarındaki kişi sayısıdır. Çocuk bağımlılık oranı: “15-64” yaş grubundaki her 100 kişi için ""0-14"" yaş grubundaki kişi sayısıdır. Yaşlı bağımlılık oranı: “15-64” yaş grubundaki her 100 kişi için ""65 ve daha yukarı"" yaş grubundaki kişi sayısıdır.",Age dependency ratio by provinces
"TR,DF_TARIMSAL_GIRDI_FIYAT_ENDEKSI_DEGISIM_V2,1.0",Tarımsal üretimde kullanılan girdilerin fiyat düzeylerindeki değişimleri ve endeks değerlerini ve sektördeki maliyet hareketlerini kapsamlı biçimde sunmaktadır.,Agricultural Input Price Index Numbers and Rate of Changes [2020=100]
"TR,DF_TARIM_URUNLERI_GRUP_MADDE_ENDEKS_TAORBA_V2,1.0","Tarım ÜFE Grup ve Madde Endeksleri tablosu, tarım sektöründeki grup ve madde bazında endeks seviyelerini sunmaktadır.",Agriculture-PPI [2020=100] Group and Item Indices (TAORBA-2008_2)
"TR,DF_HAVA_EMISYON_HESAP,1.0",Ekonomik faaliyetlere göre hava emisyon hesapları ile ilgili verileri içerir.,Air Emission Accounts by Economic Activity
"TR,DF_SU_ATIKSU_ALICI_ORTAM_TUR_DESARJ_V1,1.0","Endüstriyel sektörler, belediyeler ve köyler tarafından deşarj edilen atıksu miktarına ilişkin istatistikleri alıcı ortam bazında sunmaktadır.",Amount of Wastewater Discharged by Receiving Bodies
"TR,DF_SU_ATIKSU_ALICI_ORTAM_BELEDIYE_SEBEKE_V1,1.0",Belediye kanalizasyon şebekelerinden deşarj edilen atıksu miktarını alıcı ortam türlerine göre Türkiye bazında ve tüm yıllar için zaman serisi olarak sunmaktadır.,Amount of Wastewater Discharged from Municipal Sewerage by Receiving Bodies
"TR,DF_SU_ATIKSU_DOGAL_KAYNAK_CEKILEN_MIKTAR_V1,1.0","Endüstriyel sektörler, belediyeler ve köyler tarafından doğal kaynaklardan çekilen su miktarlarına ilişkin istatistikleri deniz, yeraltı, yüzey suyu detayında sunmaktadır.",Amount of Water Abstracted from Natural Resources
"TR,DF_SU_ATIKSU_DOGAL_KAYNAK_SEBEKE_SUYU_MIKTAR_V1,1.0",Endüstriyel sektörler ve haneler için kullanım amacıyla doğal kaynaklardan ve şebekelerden temin edilen su miktarlarına ilişkin istatistikleri sunmaktadır.,Amount of Water Supplied from Natural Resources and Water Supply Networks
"TR,DF_SU_ATIKSU_DOGRUDAN_ALICI_ORTAM_DESARJ_V1,1.0","Endüstriyel sektörler, belediyeler ve köyler tarafından doğrudan alıcı ortamlara deşarj edilen atıksu miktarlarına ilişkin istatistikleri soğutma suyu ve diğer atıksular detayında sunmaktadır.",Amount of wastewater Discharged to Receiving Bodies
"TR,DF_ADNKS_T29,1.1","Tablo, 2007 yılından itibaren il düzeyinde yıllık olarak nüfus artış hızı ve nüfus yoğunluğu bilgilerini içermektedir.Yıllık nüfus artış hızları hesaplanırken son yıl idari bölünüş yapısı dikkate alınmaktadır. Nüfus yoğunluğu, bir kilometrekareye düşen nüfus olarak tanımlanmaktadır ve nüfusun kilometrekare cinsinden yüzölçümüne bölünmesiyle hesaplanmaktadır. Uluslararası tanımlar gereğince; nüfus yoğunluğu göstergesi “ülke içi su kütleleri (doğal ve baraj gölleri, nehirler ve kıta sahanlığı vb.)” hariç karasal yüzölçümü kullanılarak hesaplanmaktadır.",Annual growth rate of population and population density of provinces by years
"TR,DF_ADNKS_T38,1.1","Tablo, son yıl için il ve ilçe düzeyinde yıllık nüfus artış hızı bilgisini içermektedir. Yıllık nüfus artış hızları hesaplanırken son yıl idari bölünüş yapısı dikkate alınmaktadır.",Annual growth rate of population by provinces and districts
"TR,DF_TARIMSAL_ISLETME_ISGUCU_ORTALAMA_UCRET_V2,1.0","Bu tablo, 2024 ve 2025 yıllarını kapsayan tarım sektörü işgücü maliyetlerini ve bu süreçteki yıllık değişim oranlarını özetlemektedir. Veriler, mevsimlik işçilerin günlük ücretleri ile sürekli işçilerin aylık ücretleri üzerinden iki temel kategoride sunulmuştur. Tablo; genel ortalamanın yanı sıra kadın ve erkek çalışanlar arasındaki ücret farklarını ve yıllık bazdaki yüzde (%) artış oranlarını göstererek, tarımsal işgücü piyasasındaki ekonomik eğilimleri ve ücret gelişimini analiz etmektedir.",Average daily and monthly wages of agricultural workers
"TR,DF_TARIMSAL_ISLETME_ISGUCU_FAALIYETE_GORE_V2,1.0","Bu tablo, tarımsal üretim sürecinde yer alan spesifik iş kollarında mevsimlik işçilere ödenen ortalama günlük ücretlerin faaliyet bazlı dökümünü içermektedir. Arazinin temizlenmesinden tohum ekimine, sulamadan hasat ve harman işlemlerine kadar 14 farklı tarımsal uzmanlık alanı listelenmiştir. Tablo, ücretlerin faaliyet kollarındaki dağılımını kadın ve erkek çalışan ayrımında göstererek, tarımsal iş kollarındaki işgücü maliyetlerini somutlaştırmaktadır.",Average daily wages of seasonal agricultural workers by selected activities
"TR,DF_ADNKS_T25,1.1","Tablo, 2008 yılından itibaren il düzeyinde yıllık ortalama hanehalkı büyüklüğü bilgisini içermektedir. Hanehalkı: aralarında akrabalık bağı bulunsun ya da bulunmasın aynı adreste yaşayan bir veya birden fazla kişiden oluşan topluluk olarak tanımlanmaktadır. Hanehalkı nüfusu belirlenirken toplu yaşam alanlarında (kurumsal yerler, işçi barakaları, misafirhane, otel, vb.) kalanlar hariç tutulmaktadır. Bu tanım uluslararası hanehalkı-konut konseptine (household-dwelling) dayanmaktadır. Ortalama hanehalkı büyüklüğü toplam hanehalkı nüfusunun toplam hanehalkı sayısına bölünmesiyle elde edilmektedir.",Average size of households by provinces
"TR,DF_TARIMSAL_ISLETME_ISGUCU_ILLERE_GORE_V2,1.0","Tabloda, Türkiye'nin seçilmiş illerinde tarım sektöründe çalışanların kazançları; mevsimlik işçilerin günlük ücretleri ve sürekli işçilerin aylık ücretleri bazında, kadın ve erkek ayrımı yapılarak (TL cinsinden) sunulmuştur.",Average wages paid to workers by provinces
"TR,DF_BILANCO_HESAPLAR_NACEREV2,1.0",Ekonomik Faaliyetlere ve Yıllara göre Firmaların Bilanço Hesapları (NACE Rev.2) (2009-2022),Balance Sheet of Companies by Economic Activity and Year (NACE Rev.2) (2009-2022)
"TR,DF_BILANCO_HESAPLAR_NACEREV21,1.0",Ekonomik Faaliyetlere ve Yıllara Göre Firmaların Bilanço Hesapları (NACE Rev.2.1),Balance Sheet of Companies by Economic Activity and Year (NACE Rev.2.1)
"TR,DF_DOGUM_TEMEL_DOG_GOST_C,1.0",Yıllara göre temel doğurganlık göstergeleridir.,Basic Fertility Indicators
"TR,DF_SEKTOR_BILANCO_TEMEL_NACEREV21,1.0",Ekonomik Faaliyetlere Göre Temel Göstergeler (NACE Rev.2.1),Basic Indicators By Economic Activity (NACE Rev.2.1)
"TR,DF_YAPISAL_EFGTG,1.0",Ekonomik Faaliyetlere Göre Temel Göstergeler,Basic Indicators by Economic Activity
"TR,DF_YAPISAL_EFGTG_NACEREV21,1.0",Ekonomik Faaliyetlere Göre Temel Göstergeler (NACE Rev.2.1),Basic Indicators by Economic Activity (NACE Rev.2.1)
"TR,DF_SEKTOR_BILANCO_KOBI_NACEREV2,1.0",Ekonomik Faaliyetlere ve Yıllara göre Temel Göstergeler(Kobi Büyüklüğü Eklenmiş) (NACE Rev.2) (2009-2022),Basic Indicators by Economic Activity and Year (Including SME Size) (NACE Rev.2) (2009-2022)
"TR,DF_SEKTOR_BILANCO_KOBI_NACEREV21,1.0",Ekonomik Faaliyetlere ve Yıllara göre Temel Göstergeler(Kobi Büyüklüğü Eklenmiş) (NACE Rev.2.1),Basic Indicators by Economic Activity and Year (NACE Rev.2.1)
"TR,DF_YAPISAL_EFGTG_BUYUKLUK,1.0",Ekonomik Faaliyet ve Büyüklük Grubuna Göre Temel Göstergeler,Basic Indicators by Size Class and Economic Activity
"TR,DF_YAPISAL_EFGTG_BUYUKLUK_NACEREV21,1.0",Ekonomik Faaliyet ve Büyüklük Grubuna Göre Temel Göstergeler (NACE Rev.2.1),Basic Indicators by Size Class and Economic Activity (NACE Rev.2.1)
"TR,DF_YAPISAL_EFGTG_IMALAT_TEKNO,1.0",İmalat Sanayinde Teknoloji Düzeyine Göre Temel Göstergeler,Basic Indicators in Manufacturing Industry by Technology Level
"TR,DF_YAPISAL_EFGTG_IMALAT_TEKNO_NACEREV21,1.0",İmalat Sanayinde Teknoloji Düzeyine Göre Temel Göstergeler (NACE Rev.2.1),Basic Indicators in Manufacturing Industry by Technology Level (NACE Rev.2.1)
"TR,DF_TUFE_SDMX_TT04,1.0",Tüketici fiyat endeksi (TÜFE) mal ve hizmet sepeti ve ağırlıklar,Basket of goods and services and weights of consumer price index (CPI)
"TR,DF_BIYOTEKNOLOJI_AR_GE_HARCAMALARI_V2,1.0",Biyoteknoloji Ar-Ge harcamalarına ilişkin veri içerir.,Biotechnology R&D expenditures
"TR,DF_BD_DOGUM_OLUM,1.1","Girişimlerin tüm Türkiye ve bölgesel bazda, yıllara göre doğum, ölüm ve bu demografik olayların yarattığı/kaybettirdiği istihdamı ile ilgili göstergelerdir.",Birth and Death Indicators
"TR,DF_BD_HUKUKI_DOGUM_OLUM,1.2","Girişimlerin hukuki durumlarına göre yıl bazında doğum, ölüm ve bu demografik olayların yarattığı/kaybettirdiği istihdam göstergeleridir.",Birth and Death Indicators by Legal Form
"TR,DF_BD_SEKTOREL_DOGUM_OLUM,1.1",Sektörlere göre ve sektör içinde yıl bazında doğan ve ölen girişim sayısı ve istihdam göstergeleridir.,Birth and Death Indicators by Sectors
"TR,DF_DOGUM_ANNEYASGR_C,1.0",Yıllar itibarıyla annenin yaş grubuna göre canlı doğum sayısıdır.,Births by Age Group of Mother
"TR,DF_DOGUM_BABA_UYRUK_C,1.0",Yıllar itibarıyla babanın uyruğuna göre doğum sayısıdır.,Births by Citizenship of Father
"TR,DF_DOGUM_ANNE_UYRUK_C,1.0",Yıllar itibarıyla annenin uyruğuna göre doğum sayısıdır.,Births by Citizenship of Mother
"TR,DF_DOGUM_ANNE_YAS_DOGUM_SIRA_C,1.0",Yıllar itibarıyla annenin yaş grubu ve doğum sırasına göre doğum sayısıdır.,Births by Mother's Age Group and Birth Order
"TR,DF_DOGUM_ANNEYAS_ULKE_C,1.0",Yıllar itibarıyla annenin yaş grubu ve doğduğu ülkeye göre doğum sayısıdır.,Births by Mother's Age Group and Country of Birth
"TR,DF_DOGUM_BABAYASGR_C,1.0",Yıllar itibarıyla il ve babanın yaş grubuna göre doğum sayısıdır.,Births by Province and Age Group of Father
"TR,DF_DOGUM_IL_ILCE_C,1.0",Yıllar itibarıyla il ve ilçe doğum sayısıdır.,Births by Province and District
"TR,DF_DOGUM_ANNEMEDENI_C,1.0",Yıllar itibarıyla il ve annenin yasal medeni durumuna göre doğum sayısıdır.,Births by Province and Legal Marital Status of Mother
"TR,DF_DOGUM_IL_AY_C,1.0",Yıllar itibarıyla il ve aya göre doğum sayısıdır.,Births by Province and Months
"TR,DF_DOGUM_ANNEYASGR_IL_C,1.0",Yıllar itibarıyla illere ve annenin yaş grubuna göre canlı doğum sayısıdır.,Births by Provinces and Age Group of Mother and Regions
"TR,DF_DOGUM_EVLSURE_C,1.0",Yıllar itibarıyla il ve annenin evlilik süresine göre doğum sayısıdır.,Births by Provinces and Mother's Duration of Marriage
"TR,DF_ANNEYASGR_EGT_C,1.0",Yıllar itibarıyla annenin yaş grubu ve eğitim durumuna göre doğum sayısıdır.,Births by mother's Age Group and Mother's Educational Level
"TR,DF_YO_OGRENIM_DIL,1.0",Yükseköğretim öğrenim diline göre beyin göçü oranını içerir.,Brain drain rate by language of higher education instruction
"TR,DF_UNIVERSITE_TUR_BURS_DURUM,1.0",Üniversite türü ve burs durumuna göre beyin göçü oranını içerir.,Brain drain rate by university type and scholarship status
"TR,DF_EGITIM_OGRETIM_ALAN,1.0",Eğitim ve öğretim alanlarına göre yükseköğretim mezunlarının beyin göçü oranını içerir.,Brain drain rate of higher education graduates by fields of education and training
"TR,DF_TAMAMLANAN_BOLUM_BGO,1.0",Tamamladıkları bölüme göre yükseköğretim mezunlarının beyin göçü oranını içerir.,Brain drain rate of higher education graduates by programme
"TR,DF_YO_MEZUN_BEYIN_GOCU_ORAN,1.0",Cinsiyete göre yükseköğretim mezunlarının beyin göçü oranı nı içerir.,Brain drain rate of higher education graduates by sex
"TR,DF_DOLAYL_ARGE_MERKEZI_YONETIM_BUTCE,1.0",Merkezi yönetim bütçesinden Ar-Ge faaliyetleri için ayrılan ödenek ve harcamalar,Central government budget appropriations and outlays on  R&D
"TR,DF_MERKEZ_YONETM_BUTCE_SOSYO_EKONOMK_HEDEF,1.0",Sosyo-ekonomik Hedeflere göre merkezi yönetim bütçesinden Ar-Ge faaliyetleri için ayrılan ödenek ve harcamaları kapsamaktadır.,Central government budget appropriations and outlays on R&D by socio-economic objectives (TRY)
"TR,DF_TAMAMLAMA_ORAN,1.0",Eğitim seviyesi ve cinsiyete göre tamamlama oranını içerir.,Completion rate by education level and sex
"TR,DF_UFE_INSAAT_V1,1.0",İnşaat Maliyet Endeksi ve Değişim Oranları [2015=100],Construction Cost Index and Rate of Change [2015=100]
"TR,DF_INSAAT_URETIM_ENDEKS_V1_O,1.0","İnşaat Üretim Endeksi ve Değişim Oranları (2021=100) verileri, inşaat üretim endeksi ve değişim oranlarını içermektedir. Aylık değişim oranları mevsim ve takvim etkisinden arındırılmış endeks serileri üzerinden hesaplanırken yıllık değişim oranları takvim etkisinden arındırılmış endeks serileri ile hesaplanır. 2021=100 temel yıllı olarak hesaplanan inşaat üretim endeksi inşaat üretimindeki değişimleri takip etmek için kullanılmaktadır. İnşaat Üretim Endeksi ve Değişim Oranları (2021=100) verileri, inşaat üretim endeksi ve değişim oranlarını içermektedir. Aylık değişim oranları mevsim ve takvim etkisinden arındırılmış endeks serileri üzerinden hesaplanırken yıllık değişim oranları takvim etkisinden arındırılmış endeks serileri ile hesaplanır. 2021=100 temel yıllı olarak hesaplanan inşaat üretim endeksi inşaat üretimindeki değişimleri takip etmek için kullanılmaktadır.",Construction Production Index [2021=100]-Revision History
"TR,DF_TUFE_SDMX_TT03,1.0",TÜFE ana harcama gruplarının yıllık ve aylık değişim oranları ve genel endeks değişimine katkıları,Consumer Price Index (CPI) annual and monthly rates of change by main expenditure groups and their contribution to the overall index change
"TR,DF_TUFE_SDMX_TT01,1.0",Ana harcama gruplarına göre tüketici fiyat endeksi (TÜFE) ve değişim oranları,Consumer price index (CPI) and rates of change by main expenditure groups
"TR,DF_TUFE_SDMX_TT02,1.0",COICOP 2018 alt sınıflarına göre TÜFE aylık ve yıllık değişim oranları,Consumer price index (CPI) monthly and annual rates of change according to the Classification of Individual Consumption by Purpose (COICOP 2018) by subclasses
"TR,DF_TUFE_SDMX_TT07,1.0",Tüketici fiyat endeksi seçilmiş maddelere ait ortalama fiyatlar,Consumer price index average prices of selected items
"TR,DF_TUFE_SDMX_TT09,1.0",Harcama gruplarına göre endeks sonuçları,Consumer price index by expenditure groups
"TR,DF_UH_BH_KATKI,1.0","Zincirlenmiş hacim endeksiyle bölgelerin Türkiye GSYH büyümesine verdiği katkıları içeren tablodur. İBBS-1, İBBS-2 ve İBBS-3 düzeyinde mevcuttur.",Contribution of regions to the GDP percentage change of Türkiye (with chain linked volume index) (%)
"TR,DF_DOGUM_KDH_C,1.0",Yıllar itibarıyla illere göre kaba doğum hızıdır.,Crude Birth Rate by Provinces (‰)
"TR,DF_KABA_BOSANMA_HIZI,1.0",Yıllar itibarıyla illere göre kaba boşanma hızıdır(Binde).,Crude Divorce Rate by Provinces (‰)
"TR,DF_KABA_EVLENME_HIZI,1.0",Yıllara itibarıyla illere göre kaba evlenme hızıdır.,Crude Marriage Rate by Provinces
"TR,DF_GENEL_DEVLET_ACIK_FAZLA_BORC_1,1.0","Genel devlet mali göstergelerini ve bunların alt bileşenlerini kapsayacak şekilde, borç, finansman araçları ve makroekonomik büyüklüklerin sınıflandırılmasını tanımlar.",Deficit/Surplus and Debt Levels of General Government
"TR,DF_MOTORLU_KARA_TASIT_YAKIT_CINSI_V4,1.0",Trafiğe kayıtlı otomobillerin yakıt cinsine göre dağılımını sunmaktadır.,Distribution of Cars Registered to the Traffic According to Fuel Type
"TR,DF_MOTORLU_KARA_TASIT_OTOMOBIL_RENK_V2,1.0",Trafiğe kaydı yapılan otomobillerin renklerine göre dağılımını sunmaktadır.,Distribution of Cars Registered to the Traffic by Colours
"TR,DF_MOTORLU_KARA_TASIT_MOTOR_SILINDIR_HACIM_V2,1.0",Trafiğe kaydı yapılan otomobillerin motor silindir hacimlerine göre dağılımını sunmaktadır.,Distribution of Cars Registered to the Traffic by Engine Size
"TR,DF_MOTORLU_KARA_TASIT_MARKA_V2,1.0",Trafiğe kaydı yapılan otomobillerin markalara göre dağılımını sunmaktadır.,Distribution of Cars Registered to the Traffic by Trademarks
"TR,DF_TASIT_KILOMETRE_OTOMOBIL_YAKIT_TUR_V1,1.0",Otomobiller Tarafından Katedilen Mesafenin Yakıt Cinslerine Göre Dağılımını sunmaktadır.,Distribution of Distance Travelled by Passenger Cars
"TR,DF_MOTORLU_KARA_TASIT_KAYDI_YAPILAN_IL_V2,1.0",Trafiğe kaydı yapılan taşıtların illere göre dağılımını sunmaktadır.,Distribution of Road Motor Vehicles Registered to the Traffic by Provinces
"TR,DF_TASIT_KILOMETRE_TOPLAM_YAKIT_TURU_V2,1.0",Toplam taşıt-kilometrenin yakıt türlerine göre dağılımını sunmaktadır.,Distribution of Total Vehicle-Kilometer by Fuel Type
"TR,DF_BD_DOGUM_TEKNO_DUZEY,1.1",İmalat sanayinde doğan girişimlerin yıllara göre teknoloji düzeyi ile ilgili göstergelerdir.,Distribution of enterprises born in manufacturing by technology level
"TR,DF_BD_SEKTOREL_HIZLI_BUYUYEN,1.1",Hızlı büyüyen ve ceylan girişimlerin sektörlere göre yıl bazında girişim sayısı ve oran göstergeleridir.,Distribution of high growth enterprises by sectors
"TR,DF_GOC_ULKE_DAGILIM,1.0",Yükseköğretim mezunlarının göç ettikleri ülkelere göre dağılımını içerir.,Distribution of higher education graduates by country of emigration
"TR,DF_RES_ILAN_REKLAM_BEDEL_TUR,1.0",Resmi ilan ve reklam bedellerinin türlerine göre dağılımını içerir.,Distribution of official announcement and advertising fees by type
"TR,DF_RESMI_ILAN_KONTENJAN,1.0",Resmi ilan ve reklam yayımlayan süreli yayınların yayın ve kontenjan yerlerine göre dağılımını içerir.,Distribution of periodical publishing official announcements and advertisements by publication and quotas
"TR,DF_BED_NUFUS_DAGILIM,1.0",Bitirilen eğitim düzeyine göre nüfusun dağılımı ile ilgili verileri içerir.,Distribution of population by the level of education completed
"TR,DF_E_YOYAS,1.0",Cinsiyet ve yaş grubuna göre yükseköğretim mezun dağılımı (25+ yaş),Distribution of tertiary education graduates according to sex and age group (25+ aged)
"TR,DF_BOSANMA_YASGR_EGT,1.0",Yıllar itibarıyla yaş grubu ve eğitim durumuna göre boşanma sayısıdır.,Divorces by Age Group and Educational Attainment
"TR,DF_BOSANMA_ERKKAD_UYRUK,1.0",Yıllar itibarıyla erkek ve kadınların uyruklarına göre boşanma sayısıdır.,Divorces by Citizenship of Male and Female
"TR,DF_BOSANMA_DOGUMULKE,1.0",Yıllar itibarıyla erkeklerin ve kadınların doğdukları ülkeye göre boşanma sayısıdır.,Divorces by Country of Birth of Male and Female
"TR,DF_BOSANMA_EVL_SURE_YASGR,1.0",Yıllara göre evlilik süresi ve yaş grubuna göre boşanma sayısıdır.,Divorces by Duration of Marriage and Age Group
"TR,DF_BOSANMA_KARSILIKLI_EGT,1.0",Yıllar itibarıyla erkeğin ve kadının eğitim durumuna göre boşanma sayısıdır.,Divorces by Educational Attainment of Male and Female
"TR,DF_BOSANMA_ANNEBABA_VEL_VER,1.0",Yıllara göre anne ve babanın velayetine verilen çocuk sayısına göre boşanma sayısıdır.,Divorces by Number of Children Given to Parent's Guardianship
"TR,DF_BOSANMA_ES_YASFARK,1.0",Yıllar itibarıyla il ve eşlerin yaş farkına göre boşanma sayısıdır.,Divorces by Province and Age Difference of Spouses
"TR,DF_BOSANMA_KARSILIKLI_YASGR,1.0",Yıllara göre il ve eşlerin karşılıklı yaş grubuna göre boşanma sayısıdır.,Divorces by Province and Mutual Age Group of Spouses
"TR,DF_BOSANMA_CINS_YASGR,1.0","Yıllar itibarıyla il, cinsiyet ve yaş grubuna göre boşanma sayısıdır.","Divorces by Province, Sex and Age Group"
"TR,DF_BOSANMA_DAVA_SURE,1.0",Yıllar itibarıyla il ve dava süresine göre boşanma sayısıdır.,Divorces by Provinces and Duration of Divorce Case
"TR,DF_BOSANMA_EVLSURE,1.0",Yıllar itibarıyla il ve evlilik süresine göre boşanma sayısıdır.,Divorces by Provinces and Duration of Marriage
"TR,DF_BOSANMA_EVLSURE_YASGR_IL,1.0",Yıllara göre il düzeyinde evlilik süresi ve yaş grubuna göre boşanma sayısıdır.,"Divorces by Provinces, Duration of Marriage and Age Group"
"TR,DF_UFE_V6,1.0",Yurt İçi Üretici Fiyat Endeksi - Bölümlerin ağırlıkları ve endeks değişimine etkileri,Domestic Producer Price Index - Weights of the components and their impact on index changes
"TR,DF_YIUFE_EDO_V1,1.0",Yurt İçi Üretici Fiyat Endeksi ve Değişim Oranları [2003=100],Domestic Producer Price Index and Rate of Change [2003=100]
"TR,DF_EKONOMIK_GUVEN_SDMX_C,1.0",Türkiye’de aylık ekonomik güven endeksini ve değişim oranlarını sunmaktadır.,Economic Confidence Index and Change Rates
"TR,DF_BD_HUKUK_DURUM_ALL,1.1","Hukuki durumlarına göre yıl bazında girişim sayısı, istihdam ve ciro göstergeleridir.",Economic Indicators of Enterprises by Legal Status
"TR,DF_BD_SEKTOREL_ALL_V1,1.0","Sektörlere göre yıl bazında girişim sayısı, istihdam ve ciro göstergeleridir.",Economic Indicators of Enterprises by Sectors
"TR,DF_BD_KURULUS_YIL,1.1","Kuruluş yıllarına göre girişim sayısı, istihdam, ciro, ithalat ve ihracat göstergeleridir.",Economic indicators of enterprises by date of foundation
"TR,DF_EGITIM_HARCAMA_FINANS_KAYNAK,1.0",Finans kaynağı ve eğitim düzeylerine göre eğitim harcamaları ile ilgili verileri içerir.,Education expenditure by level of education and financial source
"TR,DF_EGITIM_HARCAMA_EGITIM_DUZEY_OGRENCI_BASI,1.0",Eğitim düzeylerine göre öğrenci başına eğitim harcaması ile ilgili verileri içermektedir.,Education expenditure per student by level of education
"TR,DF_EGITIM_HARCAMA_HIZMET_SUNUCU,1.0",Hizmet sunucuları ve eğitim düzeylerine göre eğitim harcamaları ile ilgili verileri içerir.,Education expenditures by service providers and level of education
"TR,DF_ISGUCU_CEYREK_NEET_EGITIM_C,1.0","İşsiz veya işgücüne dâhil olmayan ve aynı zamanda eğitime devam etmeyen genç nüfusun dağılımı, cinsiyet ve eğitim düzeyi kırılımında çeyreklik olarak sunulmaktadır.",Educational Level Of Young People Neither İn Employment Nor İn Education Or Training
"TR,DF_YUKSEKOGRETIM_MEZUN_ORAN,1.0",Cinsiyete göre 25-34 yaş grubu nüfusta yükseköğretim mezun oranını içerir.,Educational attainment (tertiary) of the population aged 25-34 by sex
"TR,DF_MEZUN_NUFUS_ORAN,1.0",Cinsiyete göre mezun olan nüfusun oranını içerir.,Educational attainment of the population by sex (25+ aged)
"TR,DF_EMISYON_DEGISIM_ORAN,1.1",Emisyon değişim oranı ile ilgili verileri içerir.,Emissions Rate of Change
"TR,DF_ISGUCU_CEYREK_ISTEKI_DURUM_ISTIHDAM_C,1.0","İstihdam edilenlerin işteki duruma göre dağılımı, cinsiyet kırılımında çeyreklik olarak sunulmaktadır.",Employed By Status In Employment
"TR,DF_ISGUCU_CEYREK_IKFA18_ISTIHDAM_C,1.0","İstihdam edilenlerin ekonomik faaliyete göre dağılımı, cinsiyet kırılımında çeyreklik olarak sunulmaktadır.",Employment By Economic Activities (Nace Rev. 2)
"TR,DF_ISGUCU_CEYREK_NACE_2_1_ISTIHDAM_C,1.0","İstihdam edilenlerin ekonomik faaliyete göre dağılımı, cinsiyet kırılımında çeyreklik olarak sunulmaktadır.",Employment By Economic Activities (Nace Rev. 2.1)
"TR,DF_ISGUCU_CEYREK_MESLEK_ISTIHDAM_C,1.0","İstihdam edilenlerin meslek gruplarına göre dağılımı, cinsiyet kırılımında çeyreklik olarak sunulmaktadır.",Employment By Occupation
"TR,DF_ISGUCU_CEYREK_SEKTOR_ISTIHDAM_C,1.0","İstihdam edilenlerin sektöre göre dağılımı, cinsiyet kırılımında çeyreklik olarak sunulmaktadır.",Employment By Sector
"TR,DF_ISGUCU_CEYREK_SEKTOR_ISTIHDAM_O,1.0","İstihdam edilenlerin sektöre göre dağılımı, cinsiyet kırılımında çeyreklik olarak sunulmaktadır.",Employment By Sector-Revision History
"TR,DF_BIYOTEKNOLOJI_TEKNIK_ARASTIRAN_KULLANAN,1.0",Biyoteknoloji tekniklerini araştıran/kullanan girişimlerin sayısını içerir.,Enterprises researching/using biotechnology techniques
"TR,DF_ERP_CRM_V1,1.0","Ekonomik faaliyete ve büyüklük grubuna göre kurumsal kaynak planlaması (ERP), müşteri ilişkileri yönetimi (CRM) ve iş zekası (BI) yazılımı kullanan girişimlerin oranını içerir.","Enterprises using enterprise resource planning (ERP), customer relationship management (CRM) and business intelligence (BI) software by economic activitiy and size group (Nace Rev 2 .1)(%)"
"TR,DF_ERP_CRM_SCM,1.0","Ekonomik faaliyete ve büyüklük grubuna göre kurumsal kaynak planlaması (ERP), müşteri ilişkileri yönetimi (CRM), tedarik zinciri yönetimi (SCM) ve iş zekası (BI) yazılımı kullanan girişimlerin oranını içerir.","Enterprises using enterprise resource planning (ERP), customer relationship management (CRM), supply chain management (SCM) and business intelligence (BI) software by economic activitiy and size group (%)"
"TR,DF_KAMU_ILETISIM,1.0",Ekonomik faaliyet ve büyüklük grubuna göre kamu ile iletişimde internet kullanan girişimlerin oranını içerir.,Enterprises using internet for interaction with public authorities by economic activity and size group (%)
"TR,DF_DF_CEVRESEL_MAL_HIZMET_SEKTOR,1.0",Çevresel Faaliyetlere göre Çevresel Mal ve Hizmetler Sektörü Üretim Değeri ile ilgili veri içerir.,Environmental Goods and Services Sector Output by Environmental Activity
"TR,DF_DF_CEVRE_KORUMA_V2,1.0",Konulara göre çevre koruma harcamalarını içermektedir.,Environmental Protection Expenditure by Domains
"TR,DF_CEVRE_KORUMA_HARCAMA_SEKTORLERI,1.0",Kurumsal Sektörlere Göre Toplam Çevre Koruma Harcamaları,Environmental Protection Expenditure by Institutional
"TR,DF_CEVRESEL_VERGI,1.0",Çevresel vergiler ile ilgili veri içerir.,Environmental Taxes
"TR,DF_ENERJISIZ_IHRACAT_BDE,1.0",Enerji Hariç İhracat Birim Değer Endeksi,Export Unit Value Index Excluding Energy
"TR,DF_ALTINSIZ_IHRACAT_BDE,1.0",Altın Hariç İhracat Birim Değer Endeksi,Export Unit Value Index Excluding Gold
"TR,DF_ALTINSIZ_ENERJISIZ_IHRACAT_BDE,1.0",Altın ve Enerji Hariç İhracat Birim Değer Endeksi,Export Unit Value Index Excluding Gold and Energy
"TR,DF_ENERJISIZ_IME,1.0",Enerji Hariç İhracat Miktar Endeksi,Export Volume Index Excluding Energy
"TR,DF_ALTINSIZ_IME,1.0",Altın Hariç İhracat Miktar Endeksi,Export Volume Index Excluding Gold
"TR,DF_ALTINSIZ_ENERJISIZ_IME,1.0",Altın ve Enerji Hariç İhracat Miktar Endeksi,Export Volume Index Excluding Gold and Energy
"TR,DF_IHRACAT_BIRIM_DEGER_V1,1.0",İhracat Birim Değer Endeksi,Export unit value index
"TR,DF_IHRACAT_MIKTAR_ENDEKS_V1,1.0",İhracat Miktar endeks rakamları,Export volume index
"TR,DF_TAKVIM_ETKISINDEN_ARINDIRILMIS_IHRACAT_V2,1.0",Mevsim ve Takvim Etkisinden Arındırılmış İhracat Miktar Endeksi,Export volume index (Seasonally and calendar adjusted)
"TR,DF_TRAFIK_KAZA_OLUMLU_YARALANMALI_KAZA_KUSUR_V1,1.0","Ölüm veya yaralanma ile sonuçlanan trafik kazalarına neden olan sürücü, yaya veya araç kaynaklı kusur türlerini gösterir.",Faults Causing Road Traffic Accidents Involving Death or Injury
"TR,DF_EVLENME_ILK_YAS_GR_EGT,1.0",Yıllar itibarıyla yaş grubu ve eğitim durumuna göre ilk kez evlenme sayısıdır.,First Marriages by Age Group and Educational Attainment
"TR,DF_EVLENME_ILK_YASGR,1.0",Yıllar itibarıyla il ve yaş grubuna göre ilk evlenme sayısıdır.,First Marriages by Province and Age Group
"TR,DF_ADNKS_T13,1.1","Tablo, son 2 yıl için vatandaşlık ülkesi (tabiiyet) ve cinsiyete göre yabancı uyruklu nüfus bilgisini içermektedir. ADNKS’de yabancı nüfus kapsamında: referans tarihinde geçerli ikamet veya çalışma iznine sahip kişiler; ikamet izni yerine geçen kimlik belgesi olan (uluslararası koruma vb.) ve referans tarihinde geçerli adres beyanı olan kişiler ile izinle Türk vatandaşlığından çıkmış (mavi kart hâmili) ve referans tarihinde geçerli adres beyanı olan kişiler yer almaktadır. Kurs, turizm, bilimsel araştırma vb. nedenlerle 90 günden kısa süreli vize veya ikamet iznine sahip yabancılar ile geçici koruma statüsüyle ülkede bulunan Suriyeliler ADNKS’ye dâhil değildir.",Foreign population by country of citizenship
"TR,DF_ADNKS_T12,1.1","Tablo, 2007 yılından itibaren ikamet edilen il ve cinsiyete göre yabancı uyruklu nüfus bilgisini içermektedir. ADNKS’de yabancı nüfus kapsamında: referans tarihinde geçerli ikamet veya çalışma iznine sahip kişiler; ikamet izni yerine geçen kimlik belgesi olan (uluslararası koruma vb.) ve referans tarihinde geçerli adres beyanı olan kişiler ile izinle Türk vatandaşlığından çıkmış (mavi kart hâmili) ve referans tarihinde geçerli adres beyanı olan kişiler yer almaktadır. Kurs, turizm, bilimsel araştırma vb. nedenlerle 90 günden kısa süreli vize veya ikamet iznine sahip yabancılar ile geçici koruma statüsüyle ülkede bulunan Suriyeliler ADNKS’ye dâhil değildir",Foreign population by provinces and sex
"TR,DF_ADNKS_T01,1.1","Tablo, 2014 yılından itibaren yıllık olarak Türkiye toplamı için yaş grubu ve cinsiyete göre yurt dışı doğumlu nüfus bilgisini içermektedir. Yaş grupları geniş yaş grupları (0-14, 15-64, 65+) şeklinde verilmiştir.",Foreign-born population by age group and sex
"TR,DF_ADNKS_T02,1.1","Tablo, 2014 yılından itibaren yıllık olarak Türkiye toplamı için cinsiyete göre yurt dışı doğumlu nüfus bilgisini içermektedir.",Foreign-born population by place of birth and sex
"TR,DF_MUHTEMEL_EGITIM_SURE_CINSIYET_ESITSIZLIK_ENDEKS,1.0","İl, eğitim seviyesi ve muhtemel eğitim süresine göre cinsiyet eşitliği endeksi bilgilerini içerir.","Gender parity index by school life expectancy, province and level of education"
"TR,DF_DOGUM_GDH_C,1.0",Yıllar itibarıyla illere göre genel doğurganlık hızıdır.,General Fertility Rate by Provinces
"TR,DF_DOLAYLI_ARGE_TESVIK_V2,1.0",Dolaylı Ar-Ge teşvikleriyle ilgili verileri içermektedir.,Government tax relief for R&D
"TR,DF_SERA_GAZI_EMISYONLARI,1.0",Sera gazı emisyonları ile ilgili verileri içerir.,Greenhouse Gas Emisssions
"TR,DF_SGP_GORE_GSYH_BIREYSEL_TUKETIM_ENDEKSLERI_V3,1.0",Satınalma gücü paritesine göre kişi başına gayrisafi yurt içi hasıla ve fiili bireysel tüketim endeks değerlerini sunmaktadır.,Gross domestic product per capita and actual individual consumption indices based on purchasing power parity by countries
"TR,DF_BD_HIZLI_BUYUYEN,1.1",Hızlı büyüyen ve ceylan girişim göstergeleridir.,High growth and gazelle enterprises indicators
"TR,DF_BESERI_KALKINMA_ENDEKS,1.0","İllere göre beşeri kalkınma endeksi, alt endeksleri ve değişim oranlarını içerir.","Human development index, sub-indices, and change ratios by provinces"
"TR,DF_ENERJISIZ_ITHALAT_BDE,1.0",Enerji Hariç İthalat Birim Değer Endeksi,Import Unit Value Index Excluding Energy
"TR,DF_ALTINSIZ_ITHALAT_BDE,1.0",Altın Hariç İthalat Birim Değer Endeksi,Import Unit Value Index Excluding Gold
"TR,DF_ALTINSIZ_ENERJISIZ_ITHALAT_BDE,1.0",Altın ve Enerji Hariç İthalat Birim Değer Endeksi,Import Unit Value Index Excluding Gold and Energy
"TR,DF_ENERJISIZ_ITHALAT_ME,1.0",Enerji Hariç İthalat Miktar Endeksi,Import Volume Index Excluding Energy
"TR,DF_ALTINSIZ_ITHALAT_ME,1.0",Altın Hariç İthalat Miktar Endeksi,Import Volume Index Excluding Gold
"TR,DF_ALTINSIZ_ITHALAT_ENERJISIZ_ME,1.0",Altın ve Enerji Hariç İthalat Miktar Endeksi,Import Volume Index Excluding Gold and Energy
"TR,DF_ITHALAT_BIRIM_DEGER_ENDEKSI_V1,1.0",İthalat Birim Değer Endeksi,Import unit value index
"TR,DF_ITHALAT_MIKTAR_ENDEKS_V1,1.0",İthalat Miktar Endeksi,Import volume index
"TR,DF_TAKVIM_ETKISINDEN_ARINDIRILMIS_ITHALAT_V2,1.0",Mevsim ve Takvim Etkisinden Arındırılmış İthalat Miktar Endeksi,Import volume index (Seasonally and calendar adjusted)
"TR,DF_GELIR_TABLOSU_NACEREV2,1.0",Ekonomik Faaliyetlere ve Yıllara göre Firmaların Gelir Tablosu (NACE Rev.2) (2009-2022),Income Statement of Companies by Economic Activity and Year (NACE Rev.2) (2009-2022)
"TR,DF_GELIR_TABLOSU_NACEREV21,1.0",Ekonomik Faaliyetlere ve Yıllara Göre Firmaların Gelir Tablosu (NACE Rev.2.1),Income Statement of Companies by Economic Activity and Year (NACE Rev.2.1)
"TR,DF_INSAAT_URETIM_ENDEKS_C,1.0","İnşaat Üretim Endeksi ve Değişim Oranları (2021=100) verileri, inşaat üretim endeksi ve değişim oranlarını içermektedir. Aylık değişim oranları mevsim ve takvim etkisinden arındırılmış endeks serileri üzerinden hesaplanırken yıllık değişim oranları takvim etkisinden arındırılmış endeks serileri ile hesaplanır. 2021=100 temel yıllı olarak hesaplanan inşaat üretim endeksi inşaat üretimindeki değişimleri takip etmek için kullanılmaktadır. İnşaat Üretim Endeksi ve Değişim Oranları (2021=100) verileri, inşaat üretim endeksi ve değişim oranlarını içermektedir. Aylık değişim oranları mevsim ve takvim etkisinden arındırılmış endeks serileri üzerinden hesaplanırken yıllık değişim oranları takvim etkisinden arındırılmış endeks serileri ile hesaplanır. 2021=100 temel yıllı olarak hesaplanan inşaat üretim endeksi inşaat üretimindeki değişimleri takip etmek için kullanılmaktadır.",Index and Change Rates of Production in Construction [2021=100]
"TR,DF_TUFE_SDMX_TT10,1.0",Tüketici fiyat endeksi ve değişim oranları,Index numbers and rate of changes in the consumer price index
"TR,DF_TUFE_SDMX_TT06,1.0",Özel Kapsamlı TÜFE Göstergeleri,Indicators for the CPIs having specified coverages
"TR,DF_BIYOTEKNOLOJI_EGITIM_DURUMU,1.0",Biyoteknoloji faaliyeti yürütenlerin eğitim durumuna ilişkin göstergeleri içerir.,Indicators on the educational status of individuals engaged in biotechnology activities
"TR,DF_GUVEN_ENDEKS_SEKTOREL_EGILIM_SDMX,1.0","Hizmet, İnşaat ve Perakende Ticaret Sektörleri Eğilimine İlişkin Endeksler ve Aylık Değişim Oranları","Indices Concerning the Tendency and Monthly Changes by Services, Retail Trade and Construction Sectors"
"TR,DF_TUKETICI_EGILIM_SDMX,1.0",Tüketici eğilimine ilişkin endeksler ve aylık değişim oranları,Indices concerning the consumer tendency and monthly changes
"TR,DF_SANAYI_URETIM_ENDEKS_ETKI_C,1.0",Sanayi Üretim Endeksi Etki [2021=100],Industrial Production Index Impact [2021=100]
"TR,DF_SANAYI_URETIM_ENDEKS_ANA_C,1.0","Türkiye’de NACE Rev.2 ekonomik sınıflamasına göre sanayi sektöründe faaliyet gösteren girişimler tarafından üretilen toplam çıktının değişimini ölçen, 2021=100 bazlı bir hacim endeksidir.",Industrial Production Index [2021=100] (Main Indices)
"TR,DF_SANAYI_URETIM_ENDEKS_ALT_C,1.0","Türkiye’de NACE Rev.2 ekonomik sınıflamasına göre sanayi sektöründe faaliyet gösteren girişimler tarafından üretilen toplam çıktının değişimini ölçen, 2021=100 bazlı bir hacim endeksidir.",Industrial Production Index [2021=100] (Sub Indices)
"TR,DF_SANAYI_URETIM_ENDEKS_ANA_O,1.0","Türkiye’de NACE Rev.2 ekonomik sınıflamasına göre sanayi sektöründe faaliyet gösteren girişimler tarafından üretilen toplam çıktının değişimini ölçen, 2021=100 bazlı bir hacim endeksidir.",Industrial Production Index [2021=100]-Revision History ( Main Indices)
"TR,DF_SANAYI_URETIM_ENDEKS_SINIF_O,1.0","Türkiye’de NACE Rev.2 ekonomik sınıflamasına göre sanayi sektöründe faaliyet gösteren girişimler tarafından üretilen toplam çıktının değişimini ölçen, 2021=100 bazlı bir hacim endeksidir.",Industrial Production Index [2021=100]-Revision History (Class - 4 digit level Indices)
"TR,DF_SANAYI_URETIM_ENDEKS_GRUP_O,1.0","Türkiye’de NACE Rev.2 ekonomik sınıflamasına göre sanayi sektöründe faaliyet gösteren girişimler tarafından üretilen toplam çıktının değişimini ölçen, 2021=100 bazlı bir hacim endeksidir.",Industrial Production Index [2021=100]-Revision History (Group -  3 digit level Indices )
"TR,DF_KURUMSAL_SEKTOR_HESAPLARI_CARI_FIYATLARLA_V1,1.0","Bu tablo, toplam ekonomi ile mali olmayan şirketler, mali şirketler, genel devlet, hanehalkı ve hanehalkına hizmet eden kâr amacı olmayan kuruluşlar ile dış âlem için cari ve sermaye hesaplarında yer alan kaynaklar ve kullanımların cari fiyatlarla derlenmiş tutarlarını göstermektedir.","Institutional Sector Accounts, Current Prices"
"TR,DF_UHTI_EKONOMIK_C,1.0","Ekonomik gruplarda toplam hizmet ihracat, ithalat ve denge değerlerinin yer aldığı tablodur.",International Trade in Services by Economic Groups
"TR,DF_UHTI_COGRAFI_C,1.0","Coğrafi (ülke ve kıta) kırılımlarda toplam hizmet ihracat, ithalat ve denge değerlerinin yer aldığı tablodur.",International Trade in Services by Geographical Breakdowns
"TR,DF_UHTI_HIZMET_TURU_C,1.0","Hizmet türleri kırılımlarında hizmet ihracat, ithalat ve denge değerlerinin yer aldığı tablodur.",International Trade in Services by Type of Services
"TR,DF_UHTI_HIZMET_EKONOMIK_C,1.0","Hizmet türlerine ve seçili ekonomik gruplar hizmet ihracat, ithalat ve denge değerlerinin yer aldığı tablodur.",International Trade in Services by Type of Services and Economic Groups
"TR,DF_UHTI_HIZMET_COGRAFI_C,1.0","Coğrafi kırılımlarda seçili hizmet türlerine göre hizmet ihracat, ithalat ve denge değerlerinin yer aldığı tablodur.",International Trade in Services by Type of Services and Geographical Breakdowns
"TR,DF_TEKIL_ZIY_SAY_SAYFA_GOR_SAY,1.0",Resmi ilan yayımlayan internet haber sitelerinin tekil ziyaretçi sayıları ile sayfa görüntülenme sayılarını içerir.,Internet news websites publishing official announcements and the number of unique visitors and page views
"TR,DF_COCUKLARDA_BILIISIM_TEKNOLOJILERI_T3,1.1",Cinsiyete ve yaş grubuna göre düzenli internet kullanan çocukların İnternet kullanım amaçları,Internet usage purposes of children who use Internet regularly by sex and age group
"TR,DF_ISGUCU_MALIYET,1.0",İşgücü maliyeti endeksleri ile ilgili verileri içerir.,Labour cost indices
"TR,DF_ISGUCU_GIRDI,1.0",İşgücü girdi endeksleri ile ilgili değişkenleri içerir.,Labour input indices
"TR,DF_DNG_YS,1.0",Yıllar itibarıyla seçilmiş ülkelerin cinsiyete göre doğuşta beklenen yaşam süresinin yıl cinsinden değeridir..,Life Expectancy at Birth of Selected Countries by Sex (Year)
"TR,DF_GENEL_DEVLET_ANA_BILESEN_V2,1.0","Genel devletin üretim sürecinde ortaya çıkan çıktıları, bu üretim için yapılan harcamaları ve oluşan katma değerin bileşenlerini gösteren ekonomik akım sınıflamasıdır.",Main Aggregates of General Government
"TR,DF_GENEL_DEVLET_ANA_BILESENLERI_CEYREKLIK,1.0","Genel devlet ve alt sektörlerinin üretim süreci çıktılarını, bu üretime yönelik harcamalarını ve oluşan katma değer bileşenlerini çeyreklik dönemler bazında gösteren ekonomik akım sınıflaması veri akışıdır.","Main Aggregates of General Government, Quarterly"
"TR,DF_ISGUCU_AYLIK_TEMEL_ISGUCU_C,1.0","Türkiye’de cinsiyet düzeyinde 15+ ve 15–24 yaş grupları için aylık temel işgücü göstergelerini (nüfus, işgücü, istihdam, işsiz, işgücüne dahil olmayanlar, işgücüne katılma oranı, istihdam oranı, işsizlik oranı) sunmaktadır.",Main Labour Force Indicators
"TR,DF_ISGUCU_CEYREK_TEMEL_ISGUCU_C,1.0","15 ve üzeri ile 15–24 yaş gruplarına ait temel işgücü göstergeleri (nüfus, işgücü, istihdam, işsizler, işgücüne dâhil olmayanlar, işgücüne katılma oranı, istihdam oranı ve işsizlik oranı), cinsiyet kırılımında çeyreklik olarak sunulmaktadır.",Main Labour Force Indicators
"TR,DF_ISGUCU_CEYREK_EGITIM_DURUM_C,1.0","Temel işgücü göstergelerinin eğitim durumuna göre dağılımı, cinsiyet kırılımında çeyreklik olarak sunulmaktadır.",Main Labour Force Indicators By Educutional Level
"TR,DF_ISGUCU_AYLIK_TEMEL_ISGUCU_O,1.0","Türkiye’de cinsiyet düzeyinde 15+ ve 15–24 yaş grupları için aylık temel işgücü göstergelerini (nüfus, işgücü, istihdam, işsiz, işgücüne dahil olmayanlar, işgücüne katılma oranı, istihdam oranı, işsizlik oranı) sunmaktadır.",Main Labour Force Indicators-Revision History
"TR,DF_ISGUCU_CEYREK_TEMEL_ISGUCU_O,1.0","15 ve üzeri ile 15–24 yaş gruplarına ait temel işgücü göstergeleri (nüfus, işgücü, istihdam, işsizler, işgücüne dâhil olmayanlar, işgücüne katılma oranı, istihdam oranı ve işsizlik oranı), cinsiyet kırılımında çeyreklik olarak sunulmaktadır.",Main Labour Force Indicators-Revision History
"TR,DF_GUVEN_ENDEKS_FAALIYET_KISITLAMA_SDMX,1.0",Sektörlere göre faaliyetleri kısıtlayan temel faktörler (%),Main factors limiting activities by sectors (%)
"TR,DF_ATIK_IMALAT_SANAYI_GOSTERGELER_V1,1.0",İmalat sanayide oluşan atık miktarına ve atıkların yönetimine ilişkin göstergeleri Türkiye bazında ve tüm yıllar için zaman serisi olarak sunmaktadır.,Manufacturing Industry Waste Indicators
"TR,DF_ATIK_IMALAT_SANAYI_YONETIM_V1,1.0",İmalat sanayide oluşan atık miktarı ve atıkların yönetimine ilişkin istatistikleri sunmaktadır.,Manufacturing Industry Waste Management Statistics
"TR,DF_SU_ATIKSU_IMALAT_SANAYI_V1,1.0","İmalat sanayi tarafından deşarj edilen atıksuyun alıcı ortam ve arıtılma durumu bazında miktarı, atıksu arıtma tesislerinin tesis tipi bazında sayısı ve kapasitesine ilişkin göstergeleri Türkiye bazında ve tüm yıllar için zaman serisi olarak sunmaktadır.",Manufacturing Industry Wastewater Indicators
"TR,DF_SU_ATIKSU_IMALAT_GOSTERGE_V1,1.0",İmalat sanayi tarafından kaynaklardan çekilen ve tüketilen su miktarlarına ilişkin göstergeleri Türkiye bazında ve tüm yıllar için zaman serisi olarak sunmaktadır.,Manufacturing Industry Water Indicators
"TR,DF_EVLENME_EGT_YAS_GR,1.0",Yıllar itibarıyla yaş grubu ve eğitim durumuna göre evlenme sayısıdır.,Marriages by Age Group and Educational Attainment
"TR,DF_EVLENME_ERKKAD_UYRUK,1.0",Yıllar itibarıyla erkek ve kadınların uyruklarına göre evlenme sayısıdır.,Marriages by Citizenship of Male and Female
"TR,DF_EVLENME_DOGUMULKE,1.0",Yıllar itibarıyla erkeklerin ve kadınların doğdukları ülkeye göre evlenme sayısıdır.,Marriages by Country of Birth of Male and Female
"TR,DF_EVLENME_ERK_KAD_EGT,1.0",Yıllar itibarıyla erkeğin ve kadının eğitim durumuna göre evlenme sayısıdır.,Marriages by Educational Attainment of Male and Female
"TR,DF_EVLENME_ERKKAD_YASFARK,1.0",Yıllar itibarıyla il ve eşlerin yaş farkına göre evlenme sayısıdır.,Marriages by Province and Age Difference of Spouses
"TR,DF_EVLENME_IL_AY,1.0",Yıllar itibarıyla aya göre evlenme sayısıdır.,Marriages by Province and Month
"TR,DF_EVLENME_YAS_GR_CINS,1.0","Yıllar itibarıyla il, yaş grubu ve cinsiyete göre evlenme sayısıdır.","Marriages by Province, Age Group and Sex"
"TR,DF_MADDE_AKIS_HESAPLARI,1.0",Madde akış hesapları ile ilgili veri içerir.,Material Flow Accounts
"TR,DF_EVLENME_ORT_ILK_EVL_YAS,1.0",Yıllar itibarıyla ile göre ortalama ilk evlenme yaşıdır.,Mean Age at First Marriage by Provinces
"TR,DF_EVLENME_ORT_EVL_YAS,1.0",Yıllar itibarıyla ile göre ortalama evlenme yaşıdır.,Mean Age at Marriage by Provinces
"TR,DF_DOGUM_ORTYAS_ILKDOG_C,1.0",Yıllar itibarıyla illere göre ilk doğumdaki ortalama anne yaşıdır.,Mean Age of Mother at Birth of First Child by Provinces
"TR,DF_DOGUM_ANNE_ORTYAS_C,1.0",Yıllar itibarıyla illere göre annenin ortalama yaşıdır.,Mean Age of Mother by Provinces
"TR,DF_ORTALAMA_EGITIM_SURE,1.0",Ortalama eğitim süresi ile ilgili verileri içerir.,Mean years of schooling
"TR,DF_ADNKS_T23,1.1","Tablo, 2007 yılından itibaren il düzeyinde cinsiyete göre yıllık ortanca (medyan) yaş bilgisini içermektedir. Ortanca (medyan) yaş: Nüfusu oluşturan kişilerin yaşları, küçükten büyüğe doğru sıralandığında ortada kalan kişinin yaşıdır.",Median age by provinces and sex
"TR,DF_ADNKS_T28,1.1","Tablo, 1935 yılından itibaren Türkiye toplamı için cinsiyete göre yıllık ortanca (medyan) yaş bilgisini içermektedir. Ortanca (medyan) yaş: Nüfusu oluşturan kişilerin yaşları, küçükten büyüğe doğru sıralandığında ortada kalan kişinin yaşıdır. 1935-2000 dönemi için bilgiler: 1935-1990 döneminde 5 yılda bir ve sonuncusu 2000 yılında gerçekleştirilen Genel Nüfus Sayımı (GNS) sonuçlarına göre verilmiştir. 2007 yılından itibaren ise yıllık bilgiler Adrese Dayalı Nüfus Kayıt Sistemi (ADNKS) sonuçlarıdır.","Median age by years and sex, Population Censuses - ABPRS"
"TR,DF_SUT_URUNLERI_AYLIK_V2,1.0",Süt ve Süt Ürünleri - Temel Ürünler - Aylık,Milk and Dairy Products - Basic Products - Monthly
"TR,DF_SUT_URUNLER_YILLK_V2_2023,1.0",Süt ve Süt Ürünleri - Ürün Detayları (2023 ve öncesi) - Yıllık,Milk and Dairy Products - Product Details (2023 and earlier) - Annual
"TR,DF_SUT_URUNLERI_YILLIK_V2,1.0",Süt ve Süt Ürünleri - Ürün Detayları - Yıllık,Milk and Dairy Products - Product Details - Annual
"TR,DF_ATIK_MADEN_ISLETMELERI_V1,1.0",Maden işletmelerinde oluşan atık miktarına ve atıkların yönetimine ilişkin istatistikleri sunmaktadır.,Mining Establishments Waste Statistics
"TR,DF_DOGUM_COGUL_C,1.0",Yıllar itibarıyla çoğul doğum sayısıdır.,Multiple Births
"TR,DF_ATIK_BELEDIYE_ARITMA_CAMURU_V1,1.0",Belediye atıksu arıtma tesislerinde oluşan çamurların miktarına ve yönetimine ilişkin istatistikleri sunmaktadır.,Municipal Sewage Sludge Statistics
"TR,DF_ATIK_BELEDIYE_ATIKYONETIMI_V1,1.0",Belediyeler tarafından toplanan atıkların miktarına ve yönetimine ilişkin istatistikleri sunmaktadır.,Municipal Waste Management Statistics (by Provinces)
"TR,DF_ATIK_BELEDIYE_HIZMET_V1,1.0",Belediyeler tarafından sunulan atık toplama ve yönetim hizmetlerine ilişkin istatistikleri sunmaktadır.,Municipal Waste Services Statistics (by Provinces)
"TR,DF_ATIK_BELEDIYE_HIZMET_YONETIM_GOSTERGE_V1,1.0",Belediyeler tarafından toplanan atık miktarı ve sunulan atık yönetim hizmetlerine ilişkin göstergeleri Türkiye bazında ve tüm yıllar için zaman serisi olarak sunmaktadır.,Municipal Waste Services and Management Indicators
"TR,DF_SU_ATIKSU_BELEDIYE_GOSTERGELER_V1,1.0",Belediyelerin atıksu hizmetlerine ilişkin göstergeleri Türkiye bazında ve tüm yıllar için zaman serisi olarak sunmaktadır.,Municipal Wastewater Indicators
"TR,DF_SU_ATIKSU_BELEDIYE_GOSTERGE_V1,1.0",Belediyelerin su hizmetlerine ilişkin göstergeleri Türkiye bazında ve tüm yıllar için zaman serisi olarak sunmaktadır.,Municipal Water Indicators
"TR,DF_SU_ATIKSU_BELEDIYE_ICME_KULLANMA_TESIS_V1,1.0",Belediyelere ait içme ve kullanma suyu arıtma tesislerine ilişkin istatistikleri arıtma tesis tipine göre sunmaktadır.,Municipalities Drinking Water Treatment Plants (by Provinces)
"TR,DF_SU_ATIKSU_BELEDIYE_ARITMA_TESIS_V1,1.0",Belediyelere ait atıksu arıtma tesislerine ilişkin istatistikleri arıtma tesis tipine göre sunmaktadır.,Municipalities Wastewater Treatment Plants (by Provinces)
"TR,DF_DF_MERKEZI_YONETIM_BUTCESI,1.0",Uluslararası düzeyde koordine edilen Ar-Ge faaliyetlerine ayrılan kamu finansmanı,National public funding to transnationally  coordinated R&D
"TR,DF_MERKEZI_YONETIM_BUTCESI,1.0",Uluslararası düzeyde koordine edilen Ar-Ge faaliyetlerine ayrılan kamu finansmanı ile ilgili veri içerir.,National public funding to transnationally coordinated R&D
"TR,DF_YDUFE_EDO_V1,1.0",Yurt Dışı Üretici Fiyat Endeksi ve Değişim Oranları [2010=100],Non-Domestic Producer Price Index and Rate of Change [2010=100]
"TR,DF_YAYIN_TUR_TIRAJ,1.0",Resmi ilan yayımlayan gazetelerin yayın türlerine göre sayısı ve yıllık yurt içi tiraj sayısını içerir.,Number and annual domestic circulation of newspapers publishing official advertisements by type of publication
"TR,DF_ADNKS_T18,1.1","Tablo, 2007 yılından itibaren Türkiye toplamı için yıllık olarak türlerine göre belediye sayısı ve toplam belediye nüfusu bilgilerini içermektedir. Tablodaki keskin artış/azalışlar için lütfen dipnotlarını okuyunuz.",Number and population of municipalities
"TR,DF_TRAFIK_KAZA_GUN_ISIGI_OLU_YARALI_V1,1.0",Kazaların gün ışığı (gündüz/gece) durumuna göre dağılımını ve bu kazalarda ölen ve yaralanan kişi sayılarını gösterir.,"Number of Accidents Involving Death or Injury, Persons Killed and Injured by Daylight Condition"
"TR,DF_TARMSAL_ALET,1.1",Tarımsal Alet ve Makine Sayısı gösteren Dataflowdur.,Number of Agricultural Tools and Machinery
"TR,DF_BOSANMA_VEL_VER_ORAN,1.0",Yıllar itibarıyla velayete verilen çocuk sayısı ile annenin ve babanın velayetine verilen çocuk oranıdır.,Number of Children Given to Guardianship and Proportion of Children Given to Parent's Guardianship
"TR,DF_TARIM_BICERDOVER_YAS_GRUP,1.0",Biçerdöver Sayısı (Yaş Grubuna Göre),Number of Combine Harvesters (By Age Group)
"TR,DF_BOSANMA_VEL_AL,1.0",Yıllar itibarıyla velayetini aldığı çocuk sayısına göre boşanan kişi sayısıdır.,Number of Divorced Persons by The Number of Children Whose Guardianship Were Taken by Parents
"TR,DF_BOSANMA_IL_ILCE,1.0",Yıllara göre il ve ilçe düzeyinde boşanma sayısıdır.,Number of Divorces by Province and District
"TR,DF_BR_FAALIYET_BUYUKLUK_GIRISIM_IBBS3_24_28,1.0",Ekonomik Faaliyet ve Büyüklük Grubuna Göre Girişim Sayısı (İBSS 3 Düzeyinde 2024 ve Sonrası),"Number of Enterprises by Economic Activity and Size Group (At IBSS 3 level, 2024 and Beyond)"
"TR,DF_BR_FAALIYET_BUYUKLUK_GIRISIM_TR_IBBS1_2_V1,1.0",Ekonomik Faaliyet ve Büyüklük Grubuna Göre Girişim Sayısı (TR-İBBS 1-İBBS 2 Düzeylerinde),Number of Enterprises by Economic Activity and Size Group (At TR–NUTS Level 1 and NUTS Level 2)
"TR,DF_BR_FAALIYET_BUYUKLUK_GIRISIM_IBBS3_09_13_V1,1.0",Ekonomik Faaliyet ve Büyüklük Grubuna Göre Girişim Sayısı (İBSS 3 Düzeyinde 2009-2013 ),"Number of Enterprises by Economic Activity and Size Group (NUTS 3 Level, 2009-2013)"
"TR,DF_BR_FAALIYET_BUYUKLUK_GIRISIM_IBBS3_14_18_V1,1.0",Ekonomik Faaliyet ve Büyüklük Grubuna Göre Girişim Sayısı (İBSS 3 Düzeyinde 2014-2018),"Number of Enterprises by Economic Activity and Size Group (NUTS 3 Level, 2014-2018)"
"TR,DF_BR_FAALIYET_BUYUKLUK_GIRISIM_IBBS3_19_23,1.0",Ekonomik Faaliyet ve Büyüklük Grubuna Göre Girişim Sayısı (İBSS 3 Düzeyinde 2019-2023),"Number of Enterprises by Economic Activity and Size Group (NUTS 3 Level, 2019-2023)"
"TR,DF_BR_FAALIYET_GIRISIM_V1,1.0",Ekonomik Faaliyete Göre Girişim Sayısı (2020 ve sonrası),Number of Enterprises by Economic Activity(2020 and onwards)
"TR,DF_BR_FAALIYET_GIRISIM_ONCE_V1,1.0",Ekonomik Faaliyete Göre Girişim Sayısı (2020 öncesi),Number of Enterprises by Economic Activity(Before 2020)
"TR,DF_BR_BUYUKLUK_GIRISIM_V1,1.0",Büyüklük Grubuna Göre Girişim Sayısı,Number of Enterprises by Size Group
"TR,DF_TRAFIK_KAZA_OLUMLU_YARALANMALI_KUSUR_V1,1.0",Ölüm veya yaralanma ile sonuçlanan trafik kazalarına neden olan kusurların sayısını ifade eder.,Number of Faults Causing Traffic Accidents Involving Death or Injury
"TR,DF_EVLENME_IL_ILCE,1.0",Yıllara göre il ve ilçe düzeyinde evlenme sayısıdır.,Number of Marriages by Province and District
"TR,DF_EVLENME_AKRABA_EVLILIK,1.0",Yıllar itibarıyla illere göre evlenme sayısı ile akraba evliliği sayısı ve oranıdır.,"Number of Marriages, Number of Marriages Between First Cousins and Proportion of Them by Provinces"
"TR,DF_MUZE_SAYISI_V3,1.0",Toplam müze sayılarını içerir.,Number of Museums
"TR,DF_TRAFIK_KAZA_NUFUS_TASIT_BASINA_OLU_YARALI_V1,1.0","Trafik kazalarında ölen ve yaralanan kişilerin nüfusa, taşıt sayısına ve taşıt-kilometreye oranlarını gösterir.","Number of Persons Killed and Injured in Road Traffic Accidents per Population, Vehicle and Billion Vehicle-km"
"TR,DF_MOTORLU_KARA_TASIT_YIL_ICINDE_DEVRI_YAPILAN_V2,1.0",Yıl içinde devri yapılan motorlu kara taşıt sayısını sunmaktadır.,Number of Road Motor Vehicles Handed over the Traffic During the Year by SR Level 1
"TR,DF_MOTORLU_KARA_TASIT_KAYDI_YAPILAN_IBBS_V2,1.0",İstatistiki Bölge Birimleri Sınıflaması 1. düzeye göre yıl içinde kaydı yapılan motorlu kara taşıt sayısını sunmaktadır.,Number of Road Motor Vehicles Registered to the Traffic During the Year by SR Level 1
"TR,DF_MOTORLU_KARA_TASIT_KAYDI_SILINEN_IBBS_V1,1.0",İstatistiki Bölge Birimleri Sınıflaması 1. düzeye göre yıl içinde kaydı silinen motorlu kara taşıt sayısını sunmaktadır.,Number of Road Motor Vehicles Withdrawn During the Year by SR Level 1
"TR,DF_MOTORLU_KARA_TASIT_KULLANIM_AMAC_V2,1.0",Kullanım amacına göre motorlu kara taşıt sayısını sunmaktadır.,Number of Road Motor Vehicles by Aim of Use
"TR,DF_MOTORLU_KARA_TASIT_YAKIT_TURU_V3,1.0",Kullanılan Yakıt Türüne Göre Motorlu Kara Taşıt Sayısı,Number of Road Motor Vehicles by Kind of Fuel Used
"TR,DF_MOTORLU_KARA_TASIT_MODEL_YIL_V2,1.0",Model yıllarına göre motorlu kara taşıt sayısını sunmaktadır.,Number of Road Motor Vehicles by Model Years
"TR,DF_TRAFIK_KAZA_TASIT_SAYI_TRAFIK_KAZA_V1,1.0",Kazaya karışan taşıt sayısına göre ölüm veya yaralanma ile sonuçlanan trafik kazalarının dağılımını gösterir.,Number of Road Traffic Accidents Involving Death or Injury and Results by Number of Vehicle Involved
"TR,DF_TRAFIK_KAZA_HAFTANIN_GUNLERI_OLU_YARALI_V1,1.0",Trafik kazalarının haftanın günlerine göre dağılımını ve ölü-yaralı sayılarını gösterir.,"Number of Road Traffic Accidents Involving Death or Injury, Persons Killed and Injured by Days of the Week"
"TR,DF_TRAFIK_KAZA_OLUM_YARALANMA_KAZA_OLU_YARALI_V1,1.0",Ölüm veya yaralanma ile sonuçlanan trafik kazalarının aylara göre dağılımını ve bu kazalardaki ölü ve yaralı sayılarını içerir.,"Number of Road Traffic Accidents Involving Death or Injury, Persons Killed and Injured by Months"
"TR,DF_TARIM_MAK_TRAKTOR,1.0",Traktör Sayısı (Beygir Gücüne Göre),Number of Tractors (By Horsepower)
"TR,DF_TRAFIK_KAZA_OLUSUM_SONUC_V1,1.0","Kazaların oluş şekline (çarpışma, devrilme, yoldan çıkma vb.) göre ölüm veya yaralanma durumlarını gösterir.",Number of Traffic Accidents Involving Death or Injury and Results by Formation of the Accidents
"TR,DF_TRAFIK_KAZA_YERLESIM_YER_OLUMLU_YARALANMALI_V1,1.0",Trafik kazalarının yerleşim yeri (yerleşim içi veya dışı) durumuna göre dağılımını ve bu kazalardaki ölü ve yaralı sayılarını gösterir.,"Number of Traffic Accidents Involving Death or Injury, Persons Killed and Injured According to Settlement"
"TR,DF_TRAFIK_KAZA_OLU_YARALI_V2,1.0",İllere göre meydana gelen trafik kazası sayısını ve bu kazalarda ölen ve yaralanan kişi sayılarını içerir.,"Number of Traffic Accidents, Persons Killed and Injured by Province"
"TR,DF_TRAFIK_KAZA_OLUMLU_YARALANMALI_KAZA_SURUCU_V2,1.0","Ölüm veya yaralanma ile sonuçlanan kazalara karışan taşıt sayısını, bu taşıtların cinslerini ve ölen veya yaralanan sürücü sayılarını gösterir.","Number of Vehicles Involved in Accidents with Death or Injury, Drivers Killed and Injured by Vehicle Type"
"TR,DF_TRAFIK_KAZA_KAYITLI_ARAC_OLU_YARALI_V1,1.0","Trafiğe kayıtlı toplam araç sayısı ile aynı dönemde meydana gelen trafik kazaları, bu kazalarda ölen ve yaralanan kişi sayısını gösterir.","Number of Vehicles Registered, Accident, Persons Killed and Injured"
"TR,DF_TRAFIK_KAZA_OLUMLU_YARALANMALI_KAZAZEDE_V1,1.0",Ölüm veya yaralanma ile sonuçlanan trafik kazalarına karışan ve etkilenen kişi sayısını gösterir.,Number of Victims of Traffic Accidents Involving Death or Injury
"TR,DF_MUZE_ORENYER_ZYARETCI,1.0",Müze ve ören yeri ziyaretçi sayısını içerir.,Number of Visitors to the Museums and Ruins
"TR,DF_TRAFIK_KAZA_INCINEBILIR_YOL_KULLANICI_PAY_V1,1.0","İncinilebilir yol kullanıcılarının (yaya, bisikletli, motosikletli vb.) kazalardaki ölü ve yaralı sayılarını ve toplam içindeki oranını gösterir.","Number of Vulnerable Road Users (1) Killed, Injured and Share in Total Killed and Injured Persons"
"TR,DF_BIYOTEK_PATENT,1.0",Biyoteknoloji faaliyetinde bulunan girişimlerin büyüklük grubuna göre biyoteknoloji patent ve tescil sayıları ile ilgili verileri içerir.,Number of biotechnology patent applications and approved biotechnology patents of enterprises active in biotechnology by size group
"TR,DF_RES_ILAN_GAZ_INT_EGITIM_CINSYET,1.0",Resmi ilan yayımlayan gazetelerde ve internet haber sitelerinde çalışanların eğitim durumuna ve cinsiyete göre sayısını içerir.,Number of employees in newspapers and internet news websites publishing official announcements by their educational level and gender
"TR,DF_RES_ILAN_GAZ_INT_HAB_KADRO_CINSIYET,1.0",Resmi ilan yayımlayan gazetelerde ve internet haber sitelerinde çalışanların kadro unvanına ve cinsiyete göre sayısını içerir.,Number of employees of newspapers and internet news websites publishing official announcements by the title of the staff and gender
"TR,DF_BIYOTEK_FAALIYET,1.0",Biyoteknoloji faaliyetinde bulunan girişimlerdir.,Number of enterprises active in biotechnology
"TR,DF_BIYOTEKNLOJI_TEKNIK_FAALIYET,1.0",Biyoteknoloji teknikleri için yürütülen faaliyetlerin sayısını içerir.,Number of enterprises researching/using biotechnology techniques and activities conducted for biotechnology techniques
"TR,DF_BIYOTEK_UYGULAMA,1.0",Biyoteknoloji uygulamalarını kullanan girişimlerin sayısıdır.,Number of enterprises using biotechnology applications
"TR,DF_BIYOTEK_UYGULAMA_FAALIYET,1.0",Biyoteknoloji uygulamaları için yürütülen biyoteknoloji faaliyetlerini içerir.,Number of enterprises using biotechnology applications and biotechnology activitiesc conducted for biotechnology applications
"TR,DF_ADNKS_T07,1.1","Tablo, 2014 yılından itibaren yıllık olarak Türkiye toplamı için hanehalkı tipleri ve büyüklüklerine göre hanehalkı sayısı bilgisini içermektedir. Hanehalkı: aralarında akrabalık bağı bulunsun ya da bulunmasın aynı adreste yaşayan bir veya birden fazla kişiden oluşan topluluk olarak tanımlanmaktadır. Hanehalkı nüfusu belirlenirken toplu yaşam alanlarında (kurumsal yerler, işçi barakaları, misafirhane, otel, vb.) kalanlar hariç tutulmaktadır. Bu tanım uluslararası hanehalkı-konut konseptine (household-dwelling) dayanmaktadır. Hanehalkı tipleri geniş anlamda, ""Tek kişilik hanehalkı"", ""Tek çekirdek aileden oluşan hanehalkı"", ""En az bir çekirdek aile ve diğer kişilerden oluşan hanehalkı"" ve ""Çekirdek aile bulunmayan birden fazla kişiden oluşan hanehalkı"" olarak kategorize edilmektedir. Buna ek olarak, tek çekirdek aileden oluşan hanehalkları ""Sadece eşlerden oluşan çekirdek aile"", ""Eşler ve çocuklardan oluşan çekirdek aile"" ve ""Tek ebeveyn ve çocuklardan oluşan çekirdek aile"" olarak detaylandırılabilmektedir. Ayrıca, tek ebeveyn ve çocuklardan oluşan çekirdek aileler ""Baba ve çocuklardan oluşan çekirdek aile"" ve ""Anne ve çocuklardan oluşan çekirdek aile"" olarak detaylandırılabilmektedir.",Number of households by size and type
"TR,DF_ADNKS_T06,1.1","Tablo, 2014 yılından itibaren yıllık olarak il düzeyinde toplam hanehalkı sayısı ve hanehalkı tiplerine göre hanehalkı sayısını bilgisini içermektedir. Hanehalkı: aralarında akrabalık bağı bulunsun ya da bulunmasın aynı adreste yaşayan bir veya birden fazla kişiden oluşan topluluk olarak tanımlanmaktadır. Hanehalkı nüfusu belirlenirken toplu yaşam alanlarında (kurumsal yerler, işçi barakaları, misafirhane, otel, vb.) kalanlar hariç tutulmaktadır. Bu tanım uluslararası hanehalkı-konut konseptine (household-dwelling) dayanmaktadır. Hanehalkı tipleri geniş anlamda, ""Tek kişilik hanehalkı"", ""Tek çekirdek aileden oluşan hanehalkı"", ""En az bir çekirdek aile ve diğer kişilerden oluşan hanehalkı"" ve ""Çekirdek aile bulunmayan birden fazla kişiden oluşan hanehalkı"" olarak kategorize edilmektedir.",Number of households by type and provinces
"TR,DF_DERGI_YAYIN_SIKLIK,1.0",Resmi reklam yayımlayan dergilerin yayımlanma sıklığına göre sayısını içerir.,Number of magazines publishing official advertisements by frequency of publication
"TR,DF_YURT_ICI_TIRAJ,1.0",Resmi ilan yayımlayan gazetelerin yayımlanma sıklığına göre sayısı ve yıllık yurtiçi tiraj sayısını içerir.,Number of newspapers publishing official announcements by frequency of publication and annual domestic circulation
"TR,DF_AY_YAYM_ILAN_ADET,1.0",Aylara göre yayımlanan resmi ilan adetlerini içerir.,Number of official announcements published by month
"TR,DF_ADNKS_T08,1.1","Tablo, 2014 yılından itibaren yıllık olarak il düzeyinde tiplerine göre tek çekirdek aileden oluşan hanehalkı sayısı bilgisini içermektedir. Hanehalkı: aralarında akrabalık bağı bulunsun ya da bulunmasın aynı adreste yaşayan bir veya birden fazla kişiden oluşan topluluk olarak tanımlanmaktadır. Hanehalkı nüfusu belirlenirken toplu yaşam alanlarında (kurumsal yerler, işçi barakaları, misafirhane, otel, vb.) kalanlar hariç tutulmaktadır. Bu tanım uluslararası hanehalkı-konut konseptine (household-dwelling) dayanmaktadır. Tek çekirdek aileden oluşan hanehalkları ""Sadece eşlerden oluşan çekirdek aile"", ""Eşler ve çocuklardan oluşan çekirdek aile"" ve ""Tek ebeveyn ve çocuklardan oluşan çekirdek aile"" olarak detaylandıralabilmektedir. Ayrıca, tek ebeveyn ve çocuklardan oluşan çekirdek aileler ""Baba ve çocuklardan oluşan çekirdek aile"" ve ""Anne ve çocuklardan oluşan çekirdek aile"" olarak detaylandırılabilmektedir.",Number of one-family households by type and provinces
"TR,DF_SURELI_YAY_IC_TUR,1.0",Süreli yayınların içerik türüne göre sayısını içerir.,Number of periodical publications by type of content
"TR,DF_MUZE_ESER_SAY,1.0",Müzelerdeki eser sayısını içerir.,Number of works in Museums
"TR,DF_YIL_SURELI_YAYINN_SAYI,1.0",Resmi ilan ve reklam alan süreli yayınların yıllara göre sayısını içerir.,Numbers of periodicals receiving official announcements and advertisements by years
"TR,DF_SU_ATIKSU_SEBEKE_TESIS_BELEDIYE_NITELIK_V1,1.0",Belediyelerin içme ve kullanma suyu ve atıksu şebekeleri hizmetlerine ilişkin istatistikleri sunmaktadır.,Number and Population of Municipalities Served by Network and Treatment Plants (by Provinces)
"TR,DF_AY_TUR_RESM_ILAN_ADET,1.0",Aylara ve türlerine göre resmi ilan ve reklam bedellerini içerir.,Official announcement and advertisement fees by month and type
"TR,DF_COCUKLARDA_BILISIM_TEKNOLOJILER_T9,1.0",Cinsiyete ve yaş grubuna göre çocukların ekran başında geçirdiği sürelerin neden olduğu durumlar konusundaki düşünceleri,Opinions of the children on the situations caused by the time they spend in front of the screen by sex and age group
"TR,DF_ORGANIK_SUT,1.0",Organik Süt ve Süt Ürünleri - Yıllık Tablosudur.,Organic Milk and Dairy Products- Annual
"TR,DF_ATIK_ORGANIZE_SANAYI_BOLGELERI_V1,1.0",Organize sanayi bölgelerinde oluşan atık miktarına ve atıkların yönetimine ilişkin istatistikleri sunmaktadır.,Organized Industrial Zones Waste Statistics
"TR,DF_UCRETLI_CALISAN_ISTATISTIKLERI_C,1.0",Ücretli Çalışan İstatistikleri ile ilgili verileri içerir.,Paid Employee Statistics
"TR,DF_UCRETLI_CALISAN_ISTATISTIKLERI_O,1.0",Ücretli Çalışan İstatistikleri-Revizyon Geçmişi,Paid Employee Statistics-Revision History
"TR,DF_KISI_BASI_SERA_GAZ_EMISYON,1.1",Kişi Başı Sera Gazı Emisyonu ile ilgili verileri içerir.,Per Capita GHG Emissions
"TR,DF_ULKELER_KISI_BASINA_REEL_GSYH_SGP,1.0",Ülkeler itibarıyla kişi başına reel GSYH değerlerini sunmaktadır.,Per Capita Real GDP by Countries
"TR,DF_ULKELER_KISI_BASINA_HACIM_ENDEKSLERI,1.0",Ülkeler itibarıyla kişi başına hacim endekslerini sunmaktadır.,Per Capita Volume Indices by Countries
"TR,DF_ADNKS_T34,1.1","Tablo, 1 Temmuz 2024 tarihinden itibaren Türkiye toplamı için dönemlik (üçer aylık aralıklarla) yaş grubu ve cinsiyete göre nüfus büyüklüğü ve oranı bilgisi içermektedir. Yaş grupları beşli şekilde 90+'ya kadar verilmiştir. ADNKS'ye dayalı dönemlik nüfus istatistikleri Türkiye geneli için sırasıyla 1 Nisan, 1 Temmuz ve 1 Ekim referans tarihleri için üretilmekte ve 31 Aralık tarihli ADNKS sonuçlarıyla birlikte yayımlanmaktadır. Q1 referans yılın 1 Nisan'ı, Q2 1 Temmuz'u, Q3 1 Ekim'i ve Q4 ise 31 Aralık'ını ifade etmektedir.",Periodic population size and proportion by age group and sex
"TR,DF_TRAFIK_KAZA_YAS_GRUBU_OLEN_YARALANAN_V1,1.0",Trafik kazalarında ölen ve yaralanan kişilerin yaş grubu ve cinsiyete göre dağılımını gösterir.,Persons Killed and Injured in Road Traffic Accidents by Age Groups and Gender
"TR,DF_ISGUCU_CEYREK_SGK_KAYIT_C,1.0",İstihdam edilenlerin sosyal güvenlik kuruluşuna kayıtlı olmama durumu cinsiyet kırılımında çeyreklik olarak sunulmaktadır.,Persons Who Are Not Registered To Social Security Institution Due To Main Job
"TR,DF_COCUKLARDA_BILISIM_TEKNOLOJI_T5,1.0",Cinsiyete ve yaş grubuna göre düzenli cep telefonu/akıllı telefon kullanan çocukların telefon kullanımı davranışları,Phone usage behaviours of children who use mobile phone/smartphone regularly by sex and age group
"TR,DF_ULUSAL_EGITIM_ISTATISTIK_BED_NUFUS,1.0",Bitirilen eğitim durumuna ve cinsiyete göre nüfus ile ilgili verileri içerir.,Population by attained education level and sex
"TR,DF_OKURYAZAR_CINSIYET_NUFUS,1.0",Okuryazarlık ve cinsiyete göre nüfus verilerini içerir.,Population by literacy and sex
"TR,DF_ADNKS_T21,1.1","Tablo, 2008 yılından itibaren Türkiye toplamı için 15+ yaş nüfusun cinsiyete göre yıllık yasal medeni durum bilgisini göstermektedir. Yasal medeni durum sınıflaması ""hiç evlenmedi, evli, boşandı ve eşi öldü"" şeklindedir.",Population by marital status and sex
"TR,DF_ADNKS_T03,1.1","Tablo, 2014 yılından itibaren yıllık olarak doğum yeri düzeyinde cinsiyete göre yurt dışı doğumlu nüfus bilgisini içermektedir. Doğum yeri ""doğum ili"", ""yurt dışı"" ve ""bilinmeyen"" olarak sınıflandırılmıştır.",Population by place of birth and sex
"TR,DF_ADNKS_T05,1.1","Tablo, 2014 yılından itibaren yıllık olarak ikamet edilen il ve doğum yerine göre nüfus bilgisini içermektedir. Doğum yeri ""doğum ili"", ""yurt dışı"" ve ""bilinmeyen"" olarak sınıflandırılmıştır.",Population by province of residence and place of birth
"TR,DF_ADNKS_T4,1.2","Tablo, 2014 yılından itibaren yıllık olarak ikamet edilen il düzeyinde toplam nüfus ve doğum yeri durumuna göre nüfus bilgisini içermektedir. Doğum yeri durumu ""İkamet ettikleri ilde doğanlar"", ""Farklı bir ilde doğanlar"", ""Yurt dışında doğanlar"" ve ""Doğum yeri bilinmeyen"" olarak sınıflandırılmıştır.",Population by province of residence and place of birth status
"TR,DF_ADNKS_T16,1.0","Tablo, 2007 yılından itibaren yaş grubu ve cinsiyete göre illerin yıllık nüfus bilgisini içermektedir. Yaş grupları beşli şekilde 90+'ya kadar verilmiştir.","Population by province, age group and sex"
"TR,DF_ADNKS_T10,1.1","Tablo, 2008 yılından itibaren 15+ yaş nüfusun il düzeyinde cinsiyete göre yıllık yasal medeni durum bilgisini göstermektedir. Yasal medeni durum sınıflaması ""hiç evlenmedi, evli, boşandı, eşi öldü ve bilinmeyen"" şeklindedir.","Population by province, marital status and sex"
"TR,DF_ADNKS_T36,1.1","Tablo, 2022 yılından itibaren Türkiye toplamı için yaş grubu, cinsiyet ve kent-kır sınıflamasına göre nüfus bilgisini içermektedir. Yaş grupları beşli şekilde 90+'ya kadar verilmiştir. Avrupa İstatistik Ofisi tarafından geliştirilen ve ""yoğun kent, orta yoğun kent ve kır” ayrımında oluşturulan yeni kent-kır sınıflamasında ""Kentleşme Derecesi (Degree of Urbanisation-DEGURBA)"" esas alınmıştır. Bu sınıflama, 1 km2'lik alanlar olarak tanımlanan gridler üzerinden nüfus yoğunluğuna bağlı olarak bir alanın kent-kır özelliklerini göstermektedir. Veri kaynağı olarak Mekânsal Adres Kayıt Sistemi (MAKS) ve 31 Aralık tarihli Adrese Dayalı Nüfus Kayıt Sistemi (ADNKS) kullanılmıştır. Sınıflamaya göre yoğun kent, nüfusun en az %50’sinin kent merkezi gridlerinde (1 km2’lik alanlar) yaşadığı mahalle ve köyleri; orta yoğun kent, yoğun kent ve kır olma koşullarını sağlamayan mahalle ve köyleri; kır ise nüfusun %50’sinden fazlasının kırsal gridlerde (1 km2’lik alanlar) yaşadığı mahalle ve köyleri ifade etmektedir. Kentsel sınıfı belirlenen mahalle ve köylerin nüfusları toplulaştırılarak yeni kent-kır tanımına göre bölge, il ve ilçe düzeyinde nüfuslar elde edilmektedir.","Population by urban-rural classification, age group and sex"
"TR,DF_ADNKS_T37,1.1","Tablo, 2022 yılından itibaren cinsiyet ve kent-kır sınıflamasına göre illerin nüfus bilgisini içermektedir. Avrupa İstatistik Ofisi tarafından geliştirilen ve ""yoğun kent, orta yoğun kent ve kır” ayrımında oluşturulan yeni kent-kır sınıflamasında ""Kentleşme Derecesi (Degree of Urbanisation-DEGURBA)"" esas alınmıştır. Bu sınıflama, 1 km2'lik alanlar olarak tanımlanan gridler üzerinden nüfus yoğunluğuna bağlı olarak bir alanın kent-kır özelliklerini göstermektedir. Veri kaynağı olarak Mekânsal Adres Kayıt Sistemi (MAKS) ve 31 Aralık tarihli Adrese Dayalı Nüfus Kayıt Sistemi (ADNKS) kullanılmıştır. Sınıflamaya göre yoğun kent, nüfusun en az %50’sinin kent merkezi gridlerinde (1 km2’lik alanlar) yaşadığı mahalle ve köyleri; orta yoğun kent, yoğun kent ve kır olma koşullarını sağlamayan mahalle ve köyleri; kır ise nüfusun %50’sinden fazlasının kırsal gridlerde (1 km2’lik alanlar) yaşadığı mahalle ve köyleri ifade etmektedir. Kentsel sınıfı belirlenen mahalle ve köylerin nüfusları toplulaştırılarak yeni kent-kır tanımına göre bölge, il ve ilçe düzeyinde nüfuslar elde edilmektedir.","Population by urban-rural classification, sex and provinces"
"TR,DF_ADNKS_T27,1.1","Tablo, 1935 yılından itibaren Türkiye toplamı için geniş yaş grubu ve cinsiyete göre nüfus büyüklükleri ve oranı bilgisini içermektedir. Geniş yaş grupları ""0-14, 15-64 ve 65+"" şeklindedir. 1935-2000 dönemi için bilgiler: 1935-1990 döneminde 5 yılda bir ve sonuncusu 2000 yılında gerçekleştirilen Genel Nüfus Sayımı (GNS) sonuçlarına göre verilmiştir. 2007 yılından itibaren ise yıllık bilgiler Adrese Dayalı Nüfus Kayıt Sistemi (ADNKS) sonuçlarıdır.","Population by years, age group and sex, Population Censuses - ABPRS"
"TR,DF_ADNKS_T20,1.1","Tablo, 2007 yılından itibaren yıllık olarak il düzeyinde nüfus yoğunluğu bilgisini içermektedir. Nüfus yoğunluğu, bir kilometrekareye düşen nüfus olarak tanımlanmaktadır ve nüfusun kilometrekare cinsinden yüzölçümüne bölünmesiyle hesaplanmaktadır. Uluslararası tanımlar gereğince; nüfus yoğunluğu göstergesi “ülke içi su kütleleri (doğal ve baraj gölleri, nehirler ve kıta sahanlığı vb.)” hariç karasal yüzölçümü kullanılarak hesaplanmaktadır.",Population density by provinces
"TR,DF_ADNKS_T15,1.1","Tablo, 2007 yılından itibaren Türkiye toplamı için yaş grubu ve cinsiyete göre yıllık il/ilçe merkezleri ve belde/köy nüfusu bilgisini içermektedir. Yaş grupları beşli şekilde 90+'ya kadar verilmiştir.",Population of province/district centers and towns/villages by age group and sex
"TR,DF_ADNKS_T14,1.1","Tablo, 2007 yılından itibaren yıllık olarak il düzeyinde nüfus yoğunluğu, cinsiyete göre toplam nüfus, il/ilçe merkezleri ve belde/köy nüfusu bilgisini içermektedir.",Population of province/district centers and towns/villages by province and sex by province
"TR,DF_ADNKS_T26,1.1","Tablo, 1927 yılından itibaren Türkiye toplamı için cinsiyete göre il/ilçe merkezleri ve belde/köy nüfusu bilgisini içermektedir. 1927-2000 dönemi için bilgiler: ilki 1927 yılında, 1935-1990 döneminde 5 yılda bir ve sonuncusu 2000 yılında gerçekleştirilen Genel Nüfus Sayımı (GNS) sonuçlarına göre verilmiştir. 2007 yılından itibaren ise yıllık bilgiler Adrese Dayalı Nüfus Kayıt Sistemi (ADNKS) sonuçlarıdır.","Population of province/district centers and towns/villages by years and sex, Population Censuses - ABPRS"
"TR,DF_ADNKS_T22,1.1","Tablo, son yıl için il ve ilçe düzeyinde toplam nüfus ve il/ilçe merkezleri ile belde/köy nüfusu bilgisini içermektedir.","Population of province/district centers, towns/villages by provinces and districts"
"TR,DF_ADNKS_T35,1.1","Tablo, 2007 yılından itibaren il düzeyinde yıllık toplam nüfus, geniş yaş gruplarına göre nüfus bilgisini içermektedir. Geniş yaş grupları ""0-14, 15-64 ve 65+"" şeklindedir.",Population of provinces by broad age groups
"TR,DF_ADNKS_T30,1.1","Tablo, 2000 yılından itibaren il düzeyinde nüfus büyüklüğü bilgisini içermektedir. 2000-2006 dönemi yıl sonu nüfusları, ADNKS sonuçlarına göre tahmin edilmiştir. Rakamlar yuvarlamadan dolayı toplamı vermeyebilir. 2007 yılından itibaren ise yıllık bilgiler Adrese Dayalı Nüfus Kayıt Sistemi (ADNKS) sonuçlarıdır.",Population of provinces by years
"TR,DF_ADNKS_T17,1.1","Tablo, 2007 yılından itibaren Türkiye toplamı için yıllık olarak nüfus, nüfus artış hızı, nüfus yoğunluğu ve yerleşim yerlerinin türlerine göre sayısı bilgilerini içermektedir.Yıllık nüfus artış hızları hesaplanırken son yıl idari bölünüş yapısı dikkate alınmaktadır. Nüfus yoğunluğu, bir kilometrekareye düşen nüfus olarak tanımlanmaktadır ve nüfusun kilometrekare cinsinden yüzölçümüne bölünmesiyle hesaplanmaktadır. Uluslararası tanımlar gereğince; nüfus yoğunluğu göstergesi “ülke içi su kütleleri (doğal ve baraj gölleri, nehirler ve kıta sahanlığı vb.)” hariç karasal yüzölçümü kullanılarak hesaplanmaktadır. Tablodaki keskin artış/azalışlar için lütfen dipnotlarını okuyunuz.","Population, annual growth rate of population, number of provinces, districts, towns, villages, and population density"
"TR,DF_GUVEN_ENDEKS_FAALIYET_ARTTIRMA_SDMX,1.0","Sektörlere göre mevcut kaynaklarında bir değişiklik yapmadan, talep artışı karşısında girişimlerin faaliyetlerini arttırabilme durumları (%)",Possible rates on the enterprises' status of activities to increase in the case of increased demand without any change in their current resources by sectors (%)
"TR,DF_KUMES_HAYVANCILIK_URUN_V1,1.0",Kümes Hayvancılığı Ürünleri Tablosudur.,Poultry products
"TR,DF_ULKELER_FIYAT_DUZEYI_ENDEKSLERI,1.0",Ülkeler itibarıyla fiyat düzeyi endekslerini sunmaktadır.,Price Level Indices by Countries
"TR,DF_ULKELER_FIILI_BIREYSEL_TUKETIM_ENDEKS_V2,1.0",Ülkeler itibarıyla fiili bireysel tüketime ilişkin fiyat düzeyi endeksleridir.,Price level indices for actual individual consumption by countries
"TR,DF_TARIM_URUNLERI_UFE_MADDE_FIYAT_V2,1.0","Tarım ÜFE Madde Fiyatları tablosu, endeks kapsamındaki maddelere ait aylık ortalama fiyat bilgilerini sunmaktadır.",Producer Price Index of Agricultural Products [2020=100] Item Prices (TL)
"TR,DF_TARIM_URUNLERI_UFE_DEGISIM_V1,1.0","Tarım Ürünleri Üretici Fiyat Endeksi ve Değişim Oranları tablosu, temel endeks değerleri ile aylık ve yıllık değişim oranlarını sunmaktadır.",Producer Price Index of Agricultural Products and Rates of Change [2020=100]
"TR,DF_EVLENME_1617_ORAN,1.0",Yıllar itibarıyla illere göre 16-17 yaş grubundaki evliliklerin toplam evlilikler içindeki oranıdır.,Proportion of 16-17 Age Group Marriage by Provinces
"TR,DF_DOGUM_SIRA_C,1.0",Yıllar itibarıyla doğum sırasına göre doğumların oranıdır.,Proportion of Births by Birth Order
"TR,DF_COCUK_BILISIM_TEKNO_KULLANIM_ORAN_CINSIYET_YAS,1.1",Cinsiyete ve yaş grubuna göre çocukların bilişim teknolojileri kullanım oranı,Proportion of ICT usage for children by sex and age group
"TR,DF_BILISIM_TEKNOLOJILERI_KULLANIM_T7,1.0",Cinsiyete ve yaş grubuna göre çocukların sadece kendi kullanımında olan bilişim teknolojileri ürünlerinin oranı,Proportion of children using ICT products for their own use alone by sex and age group
"TR,DF_DIJITAL_OYUN_DUSUNCE_T__8,1.0",Cinsiyete ve yaş grubuna göre düzenli dijital oyun oynayan çocukların dijital oyun oynama konusundaki düşünceleri,Proportion of children using ICT products for their own use alone by sex and age group
"TR,DF_COCUKLARDA_BLISIM_TEKNOLOJILERI_T4,1.0",Cinsiyete ve yaş grubuna göre çocukların sosyal medya platformlarını kullanım oranı,Proportion of children using social media platforms by sex and age group
"TR,DF_BILISIM_UZMAN,1.0",Büyüklük grubuna göre bilgi ve iletişim uzmanı istihdam eden girişimlerin oranını içerir.,Proportion of enterprises employing ICT/IT specialists by size group (%)
"TR,DF_WEB_SITE_SAHIP_GIRISIM_ORAN,1.0",Ekonomik faaliyet ve büyüklük grubuna göre web sitesi sahibi girişimlerin oranını içerir.,Proportion of enterprises having website by economic activity and size group
"TR,DF_WEB_SITE_SAHIP_GIRISIM_ORAN_V1,1.0",Ekonomik faaliyet ve büyüklük grubuna göre web sitesi sahibi girişimlerin oranını içerir.,Proportion of enterprises having website by economic activity and size group
"TR,DF_BILISIM_UZMAN_ALIM,1.0",Büyüklük grubuna göre bilgi ve iletişim uzmanı işe alan veya almayı deneyen ve alım sürecinde güçlükle karşılaşan girişimlerin oranı içerir.,Proportion of enterprises recruited or tried to recruit ICT/IT specialists and having difficulties to fill vacancies by size group (%)
"TR,DF_BUY_GRUP_WEB_SATIS,1.0",Büyüklük grubuna göre web satışı yapan girişimlerin oranını içerir.,Proportion of enterprises that had web sales by size group
"TR,DF_BUY_GRUP_EKO_FAALIYET,1.0",Ekonomik faaliyete ve büyüklük grubuna göre sosyal medya uygulamalarını kullanan girişimlerin oranını içerir.,Proportion of enterprises that had web sales or EDI type sales by economic activity and size group
"TR,DF_BUY_GRUP_EKO_FAAL_MAL_HIZMET_SATIS,1.0",Ekonomik faaliyet ve büyüklük grubuna göre web sitesi ya da mobil uygulamalar üzerinden veya elektronik veri alışverişi ile mal/hizmet satışı yapan girişimlerin oranını içerir.,Proportion of enterprises that had web sales or EDI type sales which use computers (%)
"TR,DF_BUY_GRUP_EKO_FAAL_MAL_HIZMET_SATIS_V1,1.0",Ekonomik faaliyet ve büyüklük grubuna göre web sitesi ya da mobil uygulamalar üzerinden veya elektronik veri alışverişi ile mal/hizmet satışı yapan girişimlerin oranını içerir.,Proportion of enterprises that had web sales or EDI type sales which use computers (Nace Rev 2 .1)(%)
"TR,DF_BUY_GRUP_BULUT_BILISIM,1.0",Büyüklük grubuna göre ücretli bulut bilişim uygulaması kullanan girişimlerin oranı içermektedir.,Proportion of enterprises using cloud computing services by size group (%)
"TR,DF_BUY_GRUP_EKO_FAALIYET_V1,1.0",Ekonomik faaliyete ve büyüklük grubuna göre sosyal medya uygulamalarını kullanan girişimlerin oranı,Proportion of enterprises using social media by economic activity and size group (Nace Rev 2 .1)(%)
"TR,DF_INTERNET_ERISIM_SAHIP,1.0","Ekonomik faaliyete, büyüklük grubuna ve genişbant bağlantı türüne göre internet erişimine sahip girişimlerin oranını içerir.","Proportion of enterprises with internet access by economic activity, size group and type of broadband connection (%)"
"TR,DF_INTERNET_ERISIM_SAHIP_V1,1.0","Ekonomik faaliyete, büyüklük grubuna ve genişbant bağlantı türüne göre internet erişimine sahip girişimlerin oranını içerir.","Proportion of enterprises with internet access by economic activity, size group and type of broadband connection (Nace Rev 2 .1)(%)"
"TR,DF_COCUKLARDA_BILISIM_TEKNOLOJILERI_T2,1.0",Cinsiyet yaş grubu ve günlük ortalama kullanım sürelerine göre düzenli bilişim teknolojileri kullanım oranı,"Proportion of regular use of ICT by sex, age group and average daily usage time"
"TR,DF_ADNKS_T09,1.1","Tablo, 2008 yılından itibaren yıllık olarak ikamet edilen il ve nüfus kütüğüne kayıtlı olunan ile göre nüfus bilgisini içermektedir. Tabloda yabancı uyruklu nüfus kapsama alınmamıştır.",Province of civil registration by province of residence
"TR,DF_TURKIYE_OECD_KARSILASTIRMALI_SGP_GOSTERGE_V3,1.0","OECD ülkelerine yönelik karşılaştırmalar çerçevesinde, Türkiye'de Satınalma Gücü Paritesi göstergelerini sunmaktadır.",Purchasing Power Parity Indicators in Türkiye within the Framework of the Comparisons for OECD Countries
"TR,DF_ULKELER_SGP_DEGERLERI,1.0",Ülkeler itibarıyla Satınalma Gücü Paritesi değerlerini sunmaktadır.,Purchasing Power Parity by Countries
"TR,DF_COCUKLARAD_BILISIM_TEKNOLOJILERI_T5,1.0",Cinsiyete ve yaş grubuna göre düzenli cep telefonu/akıllı telefon kullanan çocukların telefonu kullanım amaçları,Purposes of phone usage of children who use mobile phone/smartphone regularly by sex and age group
"TR,DF_ISGUCU_CEYREK_IDO_NEDEN_C,1.0","İşgücüne dahil olmayan nüfusun işgücüne dahil olmama nedenlerine göre dağılımı, cinsiyet kırılımında çeyreklik olarak sunulmaktadır.",Reasons Of Not Being In Labour Force
"TR,DF_BOLGESEL_FIYAT_DUZEYI_GENEL_V1,1.0",İstatistiki bölgelere göre tüketim harcamaları geneline ilişkin fiyat düzeyi endekslerini sunmaktadır.,Regional Price Level Indices for Consumption Expenditures
"TR,DF_BOLGESEL_FIYAT_DUZEYI_TUKETIM_ANA_GRUPLAR_V1,1.0",Tüketim harcamalarının ana gruplarının bölgesel düzeydeki fiyat seviyelerini ölçen karşılaştırmalı endeksleri sunmaktadır.,Regional Price Level Indices for the Main Groups of Consumption Expenditures
"TR,DF_BOLGESEL_SGP_TUKETIM_ANA_GRUPLAR_V1,1.0","Bölgeler arasında, tüketim harcamalarının ana grupları itibarıyla satın alma gücü farklarını gösteren karşılaştırma katsayıları sunmaktadır.",Regional Purchasing Power Parities for the Main Groups of Consumption Expenditures
"TR,UH_BH_GSYH_CARI,1.0","A3 ve A10 ekonomik faaliyet kırılımında İBBS-1, İBBS-2 ve İBBS-3 düzeyinde TL ve ABD doları cinsinden cari fiyatlarla GSYH değerlerinin yer aldığı tablodur.",Regional gross domestic product (at current prices)
"TR,UH_BH_GSYH_HACIM,1.0","A10 ekonomik faaliyet kırılımında İBBS-1, İBBS-2 ve İBBS-3 düzeyinde zincirlenmiş hacim endeksine göre GSYH ve endeks değerleri ile yüzde değişiminin yer aldığı tablodur.",Regional gross domestic product (with chain linked volume index)
"TR,DF_UH_BH_KISI_BASI,1.0","İBBS-1, İBBS-2 ve İBBS-3 düzeyinde TL ve ABD doları cinsinden kişi başına GSYH değerlerinin yer aldığı tablodur.",Regional gross domestic product per capita
"TR,DF_UH_BH_KB_ENDEKS,1.0","TR=100 kabul edildiğinde İBBS-1, İBBS-2 ve İBBS-3 düzeyinde cari fiyatlarla kişi başına GSYH endeks değerlerinin yer aldığı tablodur.",Regional gross domestic product per capita index (at current prices) [TR=100]
"TR,DF_SATIS_SEKLI_SATIS_DURUMU_V3,1.0",Satış Durumuna ve Satış Şekline Göre Satış Sayıları (Türkiye),Sales by State and Type (Türkiye)
"TR,DF_SATIS_SEKLI_DURUMU_ILILCE_V3,1.0",Satış Durumuna ve Satış Şekline Göre Satış Sayıları (İl),Sales by State and Type (by provinces)
"TR,DF_YABANCILARA_SATIS_V3,1.0",Yabancılara Yapılan Satış Sayıları (Türkiye),Sales to Foreigners (Türkiye)
"TR,DF_YABANCILARA_SATILAR_ILILCE_V3,1.0",Yabancılara Yapılan Satış Sayıları (İl/İlçe),Sales to Foreigners (by provinces and districts)
"TR,DF_UYRUKLARA_GORE_SATISLAR_V3,1.0",Ülke Uyruklarına Göre Yabancılara Yapılan Satış Sayıları (Türkiye),Sales to Foreigners by Nationalities (Türkiye)
"TR,DF_UYRUKLARA_GORE_ILILCE_V3,1.0",Ülke Uyruklarına Göre Yabancılara Yapılan Satış Sayıları (İl/İlçe),Sales to Foreigners by Nationalities (by provinces and districts)
"TR,DF_MUHTEMEL_EGIITIM_SURE_CINSIYET_EGITIM_SURE,1.0",Cinsiyete ve eğitim seviyesine göre muhtemel eğitim süresini içerir.,School life expectancy by sex and level of education
"TR,DF_MUHTEMEL_EGITIM_SURE_ISCED_0,1.0","İllere ve cinsiyete göre muhtemel eğitim süresi, ISCED 0 (okul öncesi eğitim) verilerini içerir.","School life expectancy by sex and provinces, ISCED 0 (pre-primary education)"
"TR,DF_MUHTEMEL_EGITIM_SURE_ISCED1_3,1.0","İllere ve cinsiyete göre muhtemel eğitim süresi, ISCED 1-3 (ilkokul - ortaöğretim) verilerini içerir.","School life expectancy by sex and provinces, ISCED 1-3"
"TR,DF_MUHTEMEL_EGITIM_SURE_ISCED_1_8,1.0","İllere ve cinsiyete göre muhtemel eğitim süresi, ISCED 1-8 (ilkokul - yükseköğretim) verilerini içerir.","School life expectancy by sex and provinces, ISCED 1-8 (primary to tertiary)"
"TR,DF_TUFE_SDMX_TT05,1.0",Mevsim etkisinden arındırılmış TÜFE göstergeleri,Seasonal adjusted CPI indicators
"TR,DF_MEVSIM_TAKVIM_V3,1.0",Mevsim ve Takvim Etkilerinden Arındırılmış Satış Sayıları,Seasonally and Calendar Adjusted Sales
"TR,DF_UH_BH_PAY_SEKTOREL,1.0","A3 ve A10 ekonomik faaliyet kırılımında sektörlerin bölge GSYH’si içindeki paylarını verir. İBBS-1, İBBS-2 ve İBBS-3 düzeyinde mevcuttur.",Sectoral share of gross domestic product (%)
"TR,DF_HIZMET_URETIM_ENDEKS_C,1.0",Hizmet Üretim Endeksi ve Değişim Oranları [2021=100],Services Production Index and Percentage Change [2021=100]
"TR,DF_HIZMET_URETIM_ENDEKS_O,1.0",Hizmet Üretim Endeksi ve Değişim Oranları [2021=100] - Revizyon Geçmişi,Services Production Index and Percentage Change [2021=100]-Revision History
"TR,DF_HUFE_EDO_V1,1.0",Hizmet Üretici Fiyat Endeksi ve Değişim Oranları [2017=100],Services producer price index and rate of change [2017=100]
"TR,DF_ADNKS_T31,1.1","Tablo, 2007 yılından itibaren Türkiye toplamı için yaş grubuna göre cinsiyet oranı bilgisini içermektedir. Yaş grupları beşli şekilde 90+'ya kadar verilmiştir. Cinsiyet oranı, her 100 kadın başına düşen erkek sayısı olarak tanımlanmaktadır.",Sex ratio by age group
"TR,DF_CINSIYETE_GORE_SATISLAR_V3,1.0",Yıllık Satışların Cinsiyete Göre Payları (%),Share of Annual Sales by Gender (%)
"TR,DF_UH_BH_PAY_BOLGESEL,1.0","A3 ve A10 ekonomik faaliyet kırılımında bölgelerin Türkiye toplamı içindeki paylarını verir. İBBS-1, İBBS-2 ve İBBS-3 düzeyinde mevcuttur.",Share of the regions by sectors (%)
"TR,DF_EVLENME_ERKKAD_YASGR,1.0",Yıllar itibarıyla karşılıklı yaş grubuna göre evlenme sayısıdır.,Spouses by Age Group
"TR,DF_EVLENME_YAS_GR_ESMEDENI,1.0",Yıllar itibarıyla yaş grubu ve evlendiği kişinin önceki medeni durumuna göre evlenme sayısıdır.,Spouses by Age Group and Previous Marital Status of Spouse
"TR,DF_EVLENME_KARSILIKLI_YASGR_IL,1.0",Yıllar itibarıyla il düzeyinde karşılıklı yaş grubuna göre evlenme sayısıdır.,"Spouses by Age Group, by Provinces"
"TR,DF_EVLENME_YASGR_ESMEDENI_IL,1.0","Yıllar itibarıyla il, yaş grubu ve evlendiği kişinin önceki medeni durumuna göre evlenme sayısıdır.","Spouses by Province, Age Group and Previous Marital Status of Spouse"
"TR,DF_ISGUCU_AYLIK_TAMAMLAYICI_GOSTERGE_C,1.0","Türkiye’de cinsiyet düzeyinde 15+ yaş grubu için aylık işgücüne ilişkin tamamlayıcı göstergeleri (işsizlik oranı, zamana bağlı eksik istihdam ve işsizlerin bütünleşik oranı, işsiz ve potansiyel işgücünün bütünleşik oranı, atıl işgücü oranı) sunmaktadır.",Supplementary Indicators for Labour Force
"TR,DF_ISGUCU_CEYREK_TAMAMLAYICI_GOSTERGE_C,1.0","15 ve üzeri yaş grubuna ait işgücüne ilişkin tamamlayıcı göstergeler (işsizlik oranı, zamana bağlı eksik istihdam ve işsizlerin bütünleşik oranı, işsizler ve potansiyel işgücünün bütünleşik oranı ile atıl işgücü oranı) cinsiyet kırılımında çeyreklik olarak sunulmaktadır.",Supplementary Indicators for Labour Force
"TR,DF_ISGUCU_AYLIK_TAMAMLAYICI_GOSTERGE_O,1.0","Türkiye’de cinsiyet düzeyinde 15+ yaş grubu için aylık işgücüne ilişkin tamamlayıcı göstergeleri (işsizlik oranı, zamana bağlı eksik istihdam ve işsizlerin bütünleşik oranı, işsiz ve potansiyel işgücünün bütünleşik oranı, atıl işgücü oranı) sunmaktadır.",Supplementary Indicators for Labour Force-Revision History
"TR,DF_ISGUCU_CEYREK_TAMAMLAYICI_GOSTERGE_O,1.0","Türkiye’de cinsiyet düzeyinde 15+ yaş grubu için aylık işgücüne ilişkin tamamlayıcı göstergeleri (işsizlik oranı, zamana bağlı eksik istihdam ve işsizlerin bütünleşik oranı, işsiz ve potansiyel işgücünün bütünleşik oranı, atıl işgücü oranı) sunmaktadır.",Supplementary Indicators for Labour Force-Revision History
"TR,DF_BD_HAYATTA_KALMA,1.2",Girişimlerin hayatta kalma göstergeleridir.,Survival indicators of enterprises
"TR,DF_GENEL_DEVLET_VERGI_SOSYAL_KATKI_1,1.0","Genel devletin üretim, ithalat, gelir, sermaye üzerinden elde ettiği vergi ve sosyal katkı gelirlerinin türlerine göre sınıflandırılmasını ifade eder.",Tax and Social Contribution Receipts of General Government
"TR,DF_DIS_TICARET_HADLERI_V1,1.0",Dış Ticaret Hadleri,Terms of Trade
"TR,DF_ENERJISIZ_DTH,1.0",Enerji Hariç Dış Ticaret Hadleri,Terms of Trade Excluding Energy
"TR,DF_ALTINSIZ_DTH,1.0",Altın Hariç Dış Ticaret Hadleri,Terms of Trade Excluding Gold
"TR,DF_ALTINSIZ_ENERJISIZ_DTH,1.0",Altın ve Enerji Hariç Dış Ticaret Hadleri,Terms of Trade Excluding Gold and Energy
"TR,DF_SU_ATIKSU_BELEDIYE_CEKILEN_DAGITILAN_V1,1.0","Belediyeler tarafından çekilen, dağıtılan su miktarı ile deşarj edilen atıksu miktarına ilişkin istatistikleri sunmaktadır.",The Amount of Abstracted Distributed Water and Discharged Wastewater by Municipalities (by Provinces)
"TR,DF_DOGUM_DOGARA_ORTSURE_ANNEYASGR_C,1.0",Yıllar itibarıyla annenin yaş grubuna göre son iki doğumu arasındaki ortalama sürenin yıl cinsinden değeridir.,The Average Duration Between the Mother's Last Two Births by Age Group of Mother (Year)
"TR,DF_DOGUM_DOGARA_ORTSURE_C,1.0",Yıllar itibarıyla annenin son iki doğumu arası ortalama sürenin yıl cinsinden değeridir.,The Average Duration Between the Mother's Last Two Births by Provinces (Year)
"TR,DF_DOGUM_ARALIK_AY_C,1.0",Annenin son iki canlı doğumu arasındaki ortalama sürenin ay cinsinden yıllar itibarıyla değeridir.,The Birth Interval Between the Mother's Last Two Births (Month)
"TR,DF_DOGUM_ARALIK_AY_ANNEYASGR_C,1.0",Annenin yaş grubuna ve doğum sırasına göre son iki canlı doğumu arasındaki ortalama sürenin ay cinsinden yıllar itibarıyla değeridir.,The Duration Between the Mother's Last Two Births by Age Group of Mother
"TR,DF_MOTORLU_KARA_TASIT_DEVRI_YAPILAN_V3,1.0",Aylara göre devri yapılan motorlu kara taşıtları sayısını sunmaktadır.,The Number of Road Motor Vehicles Handed Over by Months
"TR,DF_MOTORLU_KARA_TASIT_DEVRI_YAPILAN_IL_V3,1.0",İllere Göre Devri Yapılan Motorlu Kara Taşıtları Sayısı,The Number of Road Motor Vehicles Handed Over by Province
"TR,DF_MOTORLU_KARA_TASIT_KAYDI_V1,1.0",Ay ve yıllara göre kaydı yapılan ve kaydı silinen motorlu kara taşıtları sayısını sunmaktadır.,The Number of Road Motor Vehicles Registered and Withdrawn by Month and Year
"TR,DF_MOTORLU_KARA_TASIT_ILLER_V3,1.0",İllere göre motorlu kara taşıtları sayısını sunmaktadır.,The Number of Road Motor Vehicles by Province
"TR,DF_MOTORLU_KARA_TASIT_YIL_V3,1.0",Yıllara göre motorlu kara taşıtları sayısını sunmaktadır.,The Number of Road Motor Vehicles by Years
"TR,DF_ADNKS_T33,1.1","Tabloda, 31 Aralık tarihli ADNKS kayıtlarında yer alan ve halen hayatta olan kadınların doğdukları yıla göre isim sıralaması bilgisi verilmektedir. Tablo alfabetik olarak sıralanmıştır. Örnek: 2024 ADNKS kayıtlarına göre, 2000 doğumlu kadınlardan halen hayatta olanların isim sıralaması yapıldığında ilk sırada “Zeynep” ismi yer almaktadır. Aynı yıl için “Elif” ismi dördüncü sıradadır.",The most used female names by the year of birth and order in the first hundred names
"TR,DF_ADNKS_T32,1.1","Tabloda, 31 Aralık tarihli ADNKS kayıtlarında yer alan ve halen hayatta olan erkeklerin doğdukları yıla göre isim sıralaması bilgisi verilmektedir. Tablo alfabetik olarak sıralanmıştır. Örnek: 2024 ADNKS kayıtlarına göre, 2000 doğumlu erkeklerden halen hayatta olanların isim sıralaması yapıldığında ilk sırada “Mehmet” ismi yer almaktadır. Aynı yıl için “Yusuf” ismi dördüncü sıradadır.",The most used male names by the year of birth and order in the first hundred names
"TR,DF_BIYOTEKNOLOJI_FAALIYET_ENGEL,1.0",Biyoteknolojik Ar-Ge faaliyetleri önündeki engellerin sayısını içerir.,The number of barriers to biotechnological R&D activities
"TR,DF_BIYOTEKNOLOJI_TICARI_ENGEL,1.0",Biyoteknoloji ürünlerinin ticarileştirilmesinin önündeki engellerin sayısını içerir.,The number of barriers to the commercialization of biotechnology products
"TR,DF_BIYOTEKNOLOJI_IST_URUN_STRATEJI,1.0",Biyoteknoloji ürünlerinin ve stratejilerinin sayısını içerir.,The number of biotechnology products and strategies
"TR,DF_INTERNET_ERISIM_V1,1.0",Ekonomik faaliyet ve büyüklük grubuna göre internet erişimine sahip olan girişimlerin oranı (Nace Rev 2 .1)(%),The proportion of enterprises which  have ınternet access by economic activity and size group (Nace Rev 2 .1)(%)
"TR,DF_INTERNET_ERISIM,1.0",Ekonomik faaliyet ve büyüklük grubuna göre bilgisayar kullanan ve internet erişimine sahip olan girişimlerin oranını içerir.,The proportion of enterprises which use computer and have ınternet access by economic activity and size group (%)
"TR,DF_FINANSAL_YATIRIM_ARAC_REEL_GETIRI,1.0",Finansal yatırım araçlarının yıllara göre dönemsel reel getiri oranları ile ilgili verileri kapsamaktadır.,The rates of profits created by means of financial invesment (%)
"TR,DF_ATIK_TERMIK_SANTRALLER_V1,1.0",Termik santrallerde oluşan atık miktarına ve atıkların yönetimine ilişkin istatistikleri sunmaktadır.,Thermal Power Plants Waste Statistics
"TR,DF_DOGUM_KENTKIR_TDH_C,1.0",Yıllar itibarıyla il ve kent-kır sınıflamasına göre toplam doğurganlık hızıdır.,Total Fertility Rate by Province and Urban-Rural Classification
"TR,DF_DOGUM_IL_TDH_C,1.0",Yıllar itibarıyla illere göre toplam doğurganlık hızıdır.,Total Fertility Rate by Provinces (Number of Children)
"TR,DF_DOGUM_ANNEEGT_TDH_C,1.0",Yıllara itibarıyla il ve annenin eğitim durumuna göre toplam doğurganlık hızıdır.,Total Fertility Rate by Provinces and Mother's Educational Level
"TR,DF_DNG_TDH,1.0",Yıllar itibarıyla seçilmiş ülkelere göre toplam doğurganlık hızıdır.,Total Fertility Rate by Selected Countries (Number of Children)
"TR,DF_KUMES_HAYVANCILIK_KULUCKAHANE,1.0",Kuluçkahane Gelişim Makinelerinin Toplam Kurulu Kapasitesi,Total Installed Capacity of Incubators
"TR,DF_DNG_NUFUS_ORAN,1.0","Yıllar itibarıyla seçilmiş ülkelere göre toplam nüfus, çocuk, genç ve yaşlı nüfus ve oranlarıdır.","Total Population, Child, Youth, Elderly Population and Proportion by Selected Countries"
"TR,DF_UFE_SANAYI_V2,1.0",Toplam Üretici Fiyat Endeksi (Yİ-ÜFE + YD-ÜFE) ve Değişim Oranları [2010=100],Total Producer Price Index (DPPI + FPPI) and Change Rates [2010=100]
"TR,DF_TICARET_SATIS_HACIM_ENDEKS_C,1.0",Ticaret Satış Hacim Endeksi [2021=100],Trade Sales Volume Index [2021=100]
"TR,DF_TICARET_SATIS_HACIM_ENDEKS_O,1.0",Ticaret Satış Hacim Endeksi [2021=100]-Revizyon Geçmişi,Trade Sales Volume Index [2021=100]-Revision History
"TR,DF_CIRO_ENDEKS_DEGISIM_C,1.0",Ciro Endeksleri ve Değişim Oranları [2021=100],Turnover Indices and Percentage Change [2021=100]
"TR,DF_CIRO_ENDEKS_DEGISIM_O,1.0",Ciro Endeksleri ve Değişim Oranları [2021=100]-Revizyon Geçmişi,Turnover Indices and Percentage Change [2021=100]-Revision History
"TR,DF_YAPISAL_MMIGSYH,1.0",Yıllara Göre Maddi Mallara İlişkin Gayri Safi Yatırım Harcama Türleri,Types of Gross Investment Expenditures on Tangible Assets by Years
"TR,DF_ISGUCU_CEYREK_ISARAMA_SURE_ISSIZ_C,1.0","İşsizlerin iş arama sürelerine göre dağılımı, cinsiyet kırılımında çeyreklik olarak sunulmaktadır.",Unemployed By Duration Of Unemployment
"TR,DF_ISGUCU_CEYREK_ISARAMA_KANAL_ISSIZ_C,1.0","İşsizlerin iş aradıkları kanallara göre dağılımı, cinsiyet kırılımında çeyreklik olarak sunulmaktadır.",Unemployment By Job Search Methods
"TR,DF_ISGUCU_CEYREK_ARANILAN_MESLEK_ISSIZ_C,1.0","İşsizlerin aradıkları meslek gruplarına göre dağılımı, cinsiyet kırılımında çeyreklik olarak sunulmaktadır.",Unemployment By Occupational Group
"TR,DF_ISGUCU_CEYREK_ONCEKI_SEKTOR_ISSIZ_C,1.0","İşsizlerin daha önce çalıştıkları sektöre göre dağılımı, cinsiyet kırılımında çeyreklik olarak sunulmaktadır.",Unemployment By Sector Of Previously Employed
"TR,DF_MOTORLU_KARA_TASIT_IBBS_YIL_V2,1.0",İstatistiki Bölge Birimleri Sınıflaması 1. düzeye göre yıl bazında ve il bazında taşıt türleri ve motorlu kara taşıtları sayısını sunmaktadır.,Vehicle Types and Number of Road Motor Vehicles by SR Level 1
"TR,DF_TASIT_KILOMETRE_TASIT_CINS_V2,1.0",Taşıt cinsine göre taşıt-kilometre istatistiklerini sunmaktadır.,Vehicle-kilometer Statistics by Vehicle Type
"TR,DF_TASIT_KILOMETRE_YIL_V2,1.0",Yıllara göre Taşıt-kilometre İstatistiklerini sunmaktadır.,Vehicle-kilometer Statistics by Years
"TR,DF_TASIT_KILOMETRE_YAS_GRUP_V2,1.0",Taşıt cinsi ve yaş gruplarına göre taşıt-kilometre istatistiklerini sunmaktadır.,Vehicle-kilometer by Vehicle Type and Age Group
"TR,DF_ATIK_BERTARAF_GERI_KAZANIM_TESIS_V1,1.0","Atık bertaraf ve geri kazanımın tesislerinin sayısı, kapasitesi türü ve tesislerde işlenen atık miktarlarına ilişkin istatistikleri sunmaktadır.",Waste Disposal and Recovery Facilities Statistics
"TR,DF_ATIK_IMALAT_SANAYI_ALT_SEKTORLER_V1,1.0",NACE faaliyet sınıflamasına göre İmalat sanayi alt sektörlerinde oluşan atık miktarlarına ilişkin istatistikleri sunmaktadır.,Waste Statistics of Manufacturing Industry Sub-Sectors
"TR,DF_SU_ATIKSU_ENDUSTRIYEL_SEKTOR_KOY_MIKTAR_V1,1.0","Endüstriyel sektörlerde ve köylerde oluşan, doğrudan alıcı ortama ve şebekelere deşarj edilen atıksu miktarına ilişkin istatistikleri sunmaktadır.",Wastewater Generated by Industrial Sectors and Villages
"TR,DF_SU_ATIKSU_ARITMA_TESIS_V1,1.0","Endüstriyel sektörler ve belediyelere ait atıksu arıtma tesislerine ilişkin istatistikleri arıtma tipi, kapasitesi ve arıtılan atıksu miktarı detayında sunmaktadır.",Wastewater Treatment Plant Statistics
"TR,DF_SU_ATIKSU_BELEDIYE_ICMESUYU_SEBEKE_V1,1.0",Belediye İçme ve kullanma suyu şebekesi için çekilen su miktarını su kaynakları ve Türkiye bazında tüm yıllar için zaman serisi olarak sunmaktadır.,Water Abstraction for Municipal Water Supply Network
"TR,DF_SU_ATIKSU_IMALAT_SANAYI_ALT_SEKTOR_V1,1.0",NACE faaliyet sınıflamasına göre imalat sanayi alt sektörlerine ilişkin su ve atıksu göstergelerini Türkiye bazında ve tüm yıllar için zaman serisi olarak sunmaktadır.,Water and Wastewater Statistics of Manufacturing Industry Sub-Sectors
"TR,DF_TUFE_SDMX_TT08,1.0",Ana grup ağırlıkları,Weights by main expenditure groups
"TR,DF_ISGUCU_CEYREK_NEET_YAS_GRUP_C,1.0","İşsiz veya işgücüne dâhil olmayan ve aynı zamanda eğitime devam etmeyen genç nüfusun dağılımı, cinsiyet ve yaş grubu kırılımında çeyreklik olarak sunulmaktadır.",Young People Neither İn Employment Nor İn Education Or Training By Age Groups
"TR,DF_GENC_NUFUS_OKURYAZARLIK_ORAN,1.0",Cinsiyete göre genç nüfus okuryazarlık oranı ile ilgili verileri içerir.,Youth literacy rate of persons by sex
"TR,DF_SANAYI_URETIM_ENDEKS_ETKI_O,1.0",Sanayi Üretim Endeksi Etki [2021=100],l Production Index Impact [2021=100]-Revision History
